[0166dc60] main libvlc error: stale plugins cache: modified D:\Program Files\VLC\plugins\access\libaccess_concat_plugin.dll
[0166dc60] main libvlc error: stale plugins cache: modified D:\Program Files\VLC\plugins\access\libaccess_imem_plugin.dll
[0166dc60] main libvlc error: stale plugins cache: modified D:\Program Files\VLC\plugins\access\libaccess_mms_plugin.dll
[0166dc60] main libvlc error: stale plugins cache: modified D:\Program Files\VLC\plugins\access\libaccess_realrtsp_plugin.dll
[0166dc60] main libvlc error: stale plugins cache: modified D:\Program Files\VLC\plugins\access\libaccess_srt_plugin.dll
[0166dc60] main libvlc error: stale plugins cache: modified D:\Program Files\VLC\plugins\access\libaccess_wasapi_plugin.dll
[0166dc60] main libvlc error: stale plugins cache: modified D:\Program Files\VLC\plugins\access\libattachment_plugin.dll
[0166dc60] main libvlc error: stale plugins cache: modified D:\Program Files\VLC\plugins\access\libcdda_plugin.dll
[0166dc60] main libvlc error: stale plugins cache: modified D:\Program Files\VLC\plugins\access\libdcp_plugin.dll
[0166dc60] main libvlc error: stale plugins cache: modified D:\Program Files\VLC\plugins\access\libdshow_plugin.dll
[0166dc60] main libvlc error: stale plugins cache: modified D:\Program Files\VLC\plugins\access\libdtv_plugin.dll
[0166dc60] main libvlc error: stale plugins cache: modified D:\Program Files\VLC\plugins\access\libdvdnav_plugin.dll
[0166dc60] main libvlc error: stale plugins cache: modified D:\Program Files\VLC\plugins\access\libdvdread_plugin.dll
[0166dc60] main libvlc error: stale plugins cache: modified D:\Program Files\VLC\plugins\access\libfilesystem_plugin.dll
[0166dc60] main libvlc error: stale plugins cache: modified D:\Program Files\VLC\plugins\access\libftp_plugin.dll
[0166dc60] main libvlc error: stale plugins cache: modified D:\Program Files\VLC\plugins\access\libhttps_plugin.dll
[0166dc60] main libvlc error: stale plugins cache: modified D:\Program Files\VLC\plugins\access\libhttp_plugin.dll
[0166dc60] main libvlc error: stale plugins cache: modified D:\Program Files\VLC\plugins\access\libidummy_plugin.dll
[0166dc60] main libvlc error: stale plugins cache: modified D:\Program Files\VLC\plugins\access\libimem_plugin.dll
[0166dc60] main libvlc error: stale plugins cache: modified D:\Program Files\VLC\plugins\access\liblibbluray_plugin.dll
[0166dc60] main libvlc error: stale plugins cache: modified D:\Program Files\VLC\plugins\access\liblive555_plugin.dll
[0166dc60] main libvlc error: stale plugins cache: modified D:\Program Files\VLC\plugins\access\libnfs_plugin.dll
[0166dc60] main libvlc error: stale plugins cache: modified D:\Program Files\VLC\plugins\access\librist_plugin.dll
[0166dc60] main libvlc error: stale plugins cache: modified D:\Program Files\VLC\plugins\access\librtp_plugin.dll
[0166dc60] main libvlc error: stale plugins cache: modified D:\Program Files\VLC\plugins\access\libsatip_plugin.dll
[0166dc60] main libvlc error: stale plugins cache: modified D:\Program Files\VLC\plugins\access\libscreen_plugin.dll
[0166dc60] main libvlc error: stale plugins cache: modified D:\Program Files\VLC\plugins\access\libsdp_plugin.dll
[0166dc60] main libvlc error: stale plugins cache: modified D:\Program Files\VLC\plugins\access\libsftp_plugin.dll
[0166dc60] main libvlc error: stale plugins cache: modified D:\Program Files\VLC\plugins\access\libshm_plugin.dll
[0166dc60] main libvlc error: stale plugins cache: modified D:\Program Files\VLC\plugins\access\libsmb_plugin.dll
[0166dc60] main libvlc error: stale plugins cache: modified D:\Program Files\VLC\plugins\access\libtcp_plugin.dll
[0166dc60] main libvlc error: stale plugins cache: modified D:\Program Files\VLC\plugins\access\libtimecode_plugin.dll
[0166dc60] main libvlc error: stale plugins cache: modified D:\Program Files\VLC\plugins\access\libudp_plugin.dll
[0166dc60] main libvlc error: stale plugins cache: modified D:\Program Files\VLC\plugins\access\libvcd_plugin.dll
[0166dc60] main libvlc error: stale plugins cache: modified D:\Program Files\VLC\plugins\access\libvdr_plugin.dll
[0166dc60] main libvlc error: stale plugins cache: modified D:\Program Files\VLC\plugins\access\libvnc_plugin.dll
[0166dc60] main libvlc error: stale plugins cache: modified D:\Program Files\VLC\plugins\access_output\libaccess_output_dummy_plugin.dll
[0166dc60] main libvlc error: stale plugins cache: modified D:\Program Files\VLC\plugins\access_output\libaccess_output_file_plugin.dll
[0166dc60] main libvlc error: stale plugins cache: modified D:\Program Files\VLC\plugins\access_output\libaccess_output_http_plugin.dll
[0166dc60] main libvlc error: stale plugins cache: modified D:\Program Files\VLC\plugins\access_output\libaccess_output_livehttp_plugin.dll
[0166dc60] main libvlc error: stale plugins cache: modified D:\Program Files\VLC\plugins\access_output\libaccess_output_rist_plugin.dll
[0166dc60] main libvlc error: stale plugins cache: modified D:\Program Files\VLC\plugins\access_output\libaccess_output_shout_plugin.dll
[0166dc60] main libvlc error: stale plugins cache: modified D:\Program Files\VLC\plugins\access_output\libaccess_output_srt_plugin.dll
[0166dc60] main libvlc error: stale plugins cache: modified D:\Program Files\VLC\plugins\access_output\libaccess_output_udp_plugin.dll
[0166dc60] main libvlc error: stale plugins cache: modified D:\Program Files\VLC\plugins\audio_filter\libaudiobargraph_a_plugin.dll
[0166dc60] main libvlc error: stale plugins cache: modified D:\Program Files\VLC\plugins\audio_filter\libaudio_format_plugin.dll
[0166dc60] main libvlc error: stale plugins cache: modified D:\Program Files\VLC\plugins\audio_filter\libchorus_flanger_plugin.dll
[0166dc60] main libvlc error: stale plugins cache: modified D:\Program Files\VLC\plugins\audio_filter\libcompressor_plugin.dll
[0166dc60] main libvlc error: stale plugins cache: modified D:\Program Files\VLC\plugins\audio_filter\libdolby_surround_decoder_plugin.dll
[0166dc60] main libvlc error: stale plugins cache: modified D:\Program Files\VLC\plugins\audio_filter\libequalizer_plugin.dll
[0166dc60] main libvlc error: stale plugins cache: modified D:\Program Files\VLC\plugins\audio_filter\libgain_plugin.dll
[0166dc60] main libvlc error: stale plugins cache: modified D:\Program Files\VLC\plugins\audio_filter\libheadphone_channel_mixer_plugin.dll
[0166dc60] main libvlc error: stale plugins cache: modified D:\Program Files\VLC\plugins\audio_filter\libkaraoke_plugin.dll
[0166dc60] main libvlc error: stale plugins cache: modified D:\Program Files\VLC\plugins\audio_filter\libmad_plugin.dll
[0166dc60] main libvlc error: stale plugins cache: modified D:\Program Files\VLC\plugins\audio_filter\libmono_plugin.dll
[0166dc60] main libvlc error: stale plugins cache: modified D:\Program Files\VLC\plugins\audio_filter\libnormvol_plugin.dll
[0166dc60] main libvlc error: stale plugins cache: modified D:\Program Files\VLC\plugins\audio_filter\libparam_eq_plugin.dll
[0166dc60] main libvlc error: stale plugins cache: modified D:\Program Files\VLC\plugins\audio_filter\libremap_plugin.dll
[0166dc60] main libvlc error: stale plugins cache: modified D:\Program Files\VLC\plugins\audio_filter\libsamplerate_plugin.dll
[0166dc60] main libvlc error: stale plugins cache: modified D:\Program Files\VLC\plugins\audio_filter\libscaletempo_pitch_plugin.dll
[0166dc60] main libvlc error: stale plugins cache: modified D:\Program Files\VLC\plugins\audio_filter\libscaletempo_plugin.dll
[0166dc60] main libvlc error: stale plugins cache: modified D:\Program Files\VLC\plugins\audio_filter\libsimple_channel_mixer_plugin.dll
[0166dc60] main libvlc error: stale plugins cache: modified D:\Program Files\VLC\plugins\audio_filter\libspatialaudio_plugin.dll
[0166dc60] main libvlc error: stale plugins cache: modified D:\Program Files\VLC\plugins\audio_filter\libspatializer_plugin.dll
[0166dc60] main libvlc error: stale plugins cache: modified D:\Program Files\VLC\plugins\audio_filter\libspeex_resampler_plugin.dll
[0166dc60] main libvlc error: stale plugins cache: modified D:\Program Files\VLC\plugins\audio_filter\libstereo_widen_plugin.dll
[0166dc60] main libvlc error: stale plugins cache: modified D:\Program Files\VLC\plugins\audio_filter\libtospdif_plugin.dll
[0166dc60] main libvlc error: stale plugins cache: modified D:\Program Files\VLC\plugins\audio_filter\libtrivial_channel_mixer_plugin.dll
[0166dc60] main libvlc error: stale plugins cache: modified D:\Program Files\VLC\plugins\audio_filter\libugly_resampler_plugin.dll
[0166dc60] main libvlc error: stale plugins cache: modified D:\Program Files\VLC\plugins\audio_mixer\libfloat_mixer_plugin.dll
[0166dc60] main libvlc error: stale plugins cache: modified D:\Program Files\VLC\plugins\audio_mixer\libinteger_mixer_plugin.dll
[0166dc60] main libvlc error: stale plugins cache: modified D:\Program Files\VLC\plugins\audio_output\libadummy_plugin.dll
[0166dc60] main libvlc error: stale plugins cache: modified D:\Program Files\VLC\plugins\audio_output\libafile_plugin.dll
[0166dc60] main libvlc error: stale plugins cache: modified D:\Program Files\VLC\plugins\audio_output\libamem_plugin.dll
[0166dc60] main libvlc error: stale plugins cache: modified D:\Program Files\VLC\plugins\audio_output\libdirectsound_plugin.dll
[0166dc60] main libvlc error: stale plugins cache: modified D:\Program Files\VLC\plugins\audio_output\libmmdevice_plugin.dll
[0166dc60] main libvlc error: stale plugins cache: modified D:\Program Files\VLC\plugins\audio_output\libwasapi_plugin.dll
[0166dc60] main libvlc error: stale plugins cache: modified D:\Program Files\VLC\plugins\audio_output\libwaveout_plugin.dll
[0166dc60] main libvlc error: stale plugins cache: modified D:\Program Files\VLC\plugins\codec\libadpcm_plugin.dll
[0166dc60] main libvlc error: stale plugins cache: modified D:\Program Files\VLC\plugins\codec\libaes3_plugin.dll
[0166dc60] main libvlc error: stale plugins cache: modified D:\Program Files\VLC\plugins\codec\libaom_plugin.dll
[0166dc60] main libvlc error: stale plugins cache: modified D:\Program Files\VLC\plugins\codec\libaraw_plugin.dll
[0166dc60] main libvlc error: stale plugins cache: modified D:\Program Files\VLC\plugins\codec\libaribsub_plugin.dll
[0166dc60] main libvlc error: stale plugins cache: modified D:\Program Files\VLC\plugins\codec\libavcodec_plugin.dll
[0166dc60] main libvlc error: stale plugins cache: modified D:\Program Files\VLC\plugins\codec\libcc_plugin.dll
[0166dc60] main libvlc error: stale plugins cache: modified D:\Program Files\VLC\plugins\codec\libcdg_plugin.dll
[0166dc60] main libvlc error: stale plugins cache: modified D:\Program Files\VLC\plugins\codec\libcrystalhd_plugin.dll
[0166dc60] main libvlc error: stale plugins cache: modified D:\Program Files\VLC\plugins\codec\libcvdsub_plugin.dll
[0166dc60] main libvlc error: stale plugins cache: modified D:\Program Files\VLC\plugins\codec\libd3d11va_plugin.dll
[0166dc60] main libvlc error: stale plugins cache: modified D:\Program Files\VLC\plugins\codec\libdav1d_plugin.dll
[0166dc60] main libvlc error: stale plugins cache: modified D:\Program Files\VLC\plugins\codec\libddummy_plugin.dll
[0166dc60] main libvlc error: stale plugins cache: modified D:\Program Files\VLC\plugins\codec\libdmo_plugin.dll
[0166dc60] main libvlc error: stale plugins cache: modified D:\Program Files\VLC\plugins\codec\libdvbsub_plugin.dll
[0166dc60] main libvlc error: stale plugins cache: modified D:\Program Files\VLC\plugins\codec\libdxva2_plugin.dll
[0166dc60] main libvlc error: stale plugins cache: modified D:\Program Files\VLC\plugins\codec\libedummy_plugin.dll
[0166dc60] main libvlc error: stale plugins cache: modified D:\Program Files\VLC\plugins\codec\libfaad_plugin.dll
[0166dc60] main libvlc error: stale plugins cache: modified D:\Program Files\VLC\plugins\codec\libflac_plugin.dll
[0166dc60] main libvlc error: stale plugins cache: modified D:\Program Files\VLC\plugins\codec\libfluidsynth_plugin.dll
[0166dc60] main libvlc error: stale plugins cache: modified D:\Program Files\VLC\plugins\codec\libg711_plugin.dll
[0166dc60] main libvlc error: stale plugins cache: modified D:\Program Files\VLC\plugins\codec\libjpeg_plugin.dll
[0166dc60] main libvlc error: stale plugins cache: modified D:\Program Files\VLC\plugins\codec\libkate_plugin.dll
[0166dc60] main libvlc error: stale plugins cache: modified D:\Program Files\VLC\plugins\codec\liblibass_plugin.dll
[0166dc60] main libvlc error: stale plugins cache: modified D:\Program Files\VLC\plugins\codec\liblpcm_plugin.dll
[0166dc60] main libvlc error: stale plugins cache: modified D:\Program Files\VLC\plugins\codec\libmft_plugin.dll
[0166dc60] main libvlc error: stale plugins cache: modified D:\Program Files\VLC\plugins\codec\libmpg123_plugin.dll
[0166dc60] main libvlc error: stale plugins cache: modified D:\Program Files\VLC\plugins\codec\liboggspots_plugin.dll
[0166dc60] main libvlc error: stale plugins cache: modified D:\Program Files\VLC\plugins\codec\libopus_plugin.dll
[0166dc60] main libvlc error: stale plugins cache: modified D:\Program Files\VLC\plugins\codec\libpng_plugin.dll
[0166dc60] main libvlc error: stale plugins cache: modified D:\Program Files\VLC\plugins\codec\libqsv_plugin.dll
[0166dc60] main libvlc error: stale plugins cache: modified D:\Program Files\VLC\plugins\codec\librawvideo_plugin.dll
[0166dc60] main libvlc error: stale plugins cache: modified D:\Program Files\VLC\plugins\codec\librtpvideo_plugin.dll
[0166dc60] main libvlc error: stale plugins cache: modified D:\Program Files\VLC\plugins\codec\libschroedinger_plugin.dll
[0166dc60] main libvlc error: stale plugins cache: modified D:\Program Files\VLC\plugins\codec\libscte18_plugin.dll
[0166dc60] main libvlc error: stale plugins cache: modified D:\Program Files\VLC\plugins\codec\libscte27_plugin.dll
[0166dc60] main libvlc error: stale plugins cache: modified D:\Program Files\VLC\plugins\codec\libsdl_image_plugin.dll
[0166dc60] main libvlc error: stale plugins cache: modified D:\Program Files\VLC\plugins\codec\libspdif_plugin.dll
[0166dc60] main libvlc error: stale plugins cache: modified D:\Program Files\VLC\plugins\codec\libspeex_plugin.dll
[0166dc60] main libvlc error: stale plugins cache: modified D:\Program Files\VLC\plugins\codec\libspudec_plugin.dll
[0166dc60] main libvlc error: stale plugins cache: modified D:\Program Files\VLC\plugins\codec\libstl_plugin.dll
[0166dc60] main libvlc error: stale plugins cache: modified D:\Program Files\VLC\plugins\codec\libsubsdec_plugin.dll
[0166dc60] main libvlc error: stale plugins cache: modified D:\Program Files\VLC\plugins\codec\libsubstx3g_plugin.dll
[0166dc60] main libvlc error: stale plugins cache: modified D:\Program Files\VLC\plugins\codec\libsubsusf_plugin.dll
[0166dc60] main libvlc error: stale plugins cache: modified D:\Program Files\VLC\plugins\codec\libsvcdsub_plugin.dll
[0166dc60] main libvlc error: stale plugins cache: modified D:\Program Files\VLC\plugins\codec\libt140_plugin.dll
[0166dc60] main libvlc error: stale plugins cache: modified D:\Program Files\VLC\plugins\codec\libtextst_plugin.dll
[0166dc60] main libvlc error: stale plugins cache: modified D:\Program Files\VLC\plugins\codec\libtheora_plugin.dll
[0166dc60] main libvlc error: stale plugins cache: modified D:\Program Files\VLC\plugins\codec\libttml_plugin.dll
[0166dc60] main libvlc error: stale plugins cache: modified D:\Program Files\VLC\plugins\codec\libtwolame_plugin.dll
[0166dc60] main libvlc error: stale plugins cache: modified D:\Program Files\VLC\plugins\codec\libuleaddvaudio_plugin.dll
[0166dc60] main libvlc error: stale plugins cache: modified D:\Program Files\VLC\plugins\codec\libvorbis_plugin.dll
[0166dc60] main libvlc error: stale plugins cache: modified D:\Program Files\VLC\plugins\codec\libvpx_plugin.dll
[0166dc60] main libvlc error: stale plugins cache: modified D:\Program Files\VLC\plugins\codec\libwebvtt_plugin.dll
[0166dc60] main libvlc error: stale plugins cache: modified D:\Program Files\VLC\plugins\codec\libx26410b_plugin.dll
[0166dc60] main libvlc error: stale plugins cache: modified D:\Program Files\VLC\plugins\codec\libx264_plugin.dll
[0166dc60] main libvlc error: stale plugins cache: modified D:\Program Files\VLC\plugins\codec\libx265_plugin.dll
[0166dc60] main libvlc error: stale plugins cache: modified D:\Program Files\VLC\plugins\codec\libzvbi_plugin.dll
[0166dc60] main libvlc error: stale plugins cache: modified D:\Program Files\VLC\plugins\control\libdummy_plugin.dll
[0166dc60] main libvlc error: stale plugins cache: modified D:\Program Files\VLC\plugins\control\libgestures_plugin.dll
[0166dc60] main libvlc error: stale plugins cache: modified D:\Program Files\VLC\plugins\control\libhotkeys_plugin.dll
[0166dc60] main libvlc error: stale plugins cache: modified D:\Program Files\VLC\plugins\control\libnetsync_plugin.dll
[0166dc60] main libvlc error: stale plugins cache: modified D:\Program Files\VLC\plugins\control\libntservice_plugin.dll
[0166dc60] main libvlc error: stale plugins cache: modified D:\Program Files\VLC\plugins\control\liboldrc_plugin.dll
[0166dc60] main libvlc error: stale plugins cache: modified D:\Program Files\VLC\plugins\control\libwin_hotkeys_plugin.dll
[0166dc60] main libvlc error: stale plugins cache: modified D:\Program Files\VLC\plugins\control\libwin_msg_plugin.dll
[0166dc60] main libvlc error: stale plugins cache: modified D:\Program Files\VLC\plugins\d3d11\libdirect3d11_filters_plugin.dll
[0166dc60] main libvlc error: stale plugins cache: modified D:\Program Files\VLC\plugins\d3d9\libdirect3d9_filters_plugin.dll
[0166dc60] main libvlc error: stale plugins cache: modified D:\Program Files\VLC\plugins\demux\libadaptive_plugin.dll
[0166dc60] main libvlc error: stale plugins cache: modified D:\Program Files\VLC\plugins\demux\libaiff_plugin.dll
[0166dc60] main libvlc error: stale plugins cache: modified D:\Program Files\VLC\plugins\demux\libasf_plugin.dll
[0166dc60] main libvlc error: stale plugins cache: modified D:\Program Files\VLC\plugins\demux\libau_plugin.dll
[0166dc60] main libvlc error: stale plugins cache: modified D:\Program Files\VLC\plugins\demux\libavi_plugin.dll
[0166dc60] main libvlc error: stale plugins cache: modified D:\Program Files\VLC\plugins\demux\libcaf_plugin.dll
[0166dc60] main libvlc error: stale plugins cache: modified D:\Program Files\VLC\plugins\demux\libdemuxdump_plugin.dll
[0166dc60] main libvlc error: stale plugins cache: modified D:\Program Files\VLC\plugins\demux\libdemux_cdg_plugin.dll
[0166dc60] main libvlc error: stale plugins cache: modified D:\Program Files\VLC\plugins\demux\libdemux_chromecast_plugin.dll
[0166dc60] main libvlc error: stale plugins cache: modified D:\Program Files\VLC\plugins\demux\libdemux_stl_plugin.dll
[0166dc60] main libvlc error: stale plugins cache: modified D:\Program Files\VLC\plugins\demux\libdiracsys_plugin.dll
[0166dc60] main libvlc error: stale plugins cache: modified D:\Program Files\VLC\plugins\demux\libdirectory_demux_plugin.dll
[0166dc60] main libvlc error: stale plugins cache: modified D:\Program Files\VLC\plugins\demux\libdmxmus_plugin.dll
[0166dc60] main libvlc error: stale plugins cache: modified D:\Program Files\VLC\plugins\demux\libes_plugin.dll
[0166dc60] main libvlc error: stale plugins cache: modified D:\Program Files\VLC\plugins\demux\libflacsys_plugin.dll
[0166dc60] main libvlc error: stale plugins cache: modified D:\Program Files\VLC\plugins\demux\libgme_plugin.dll
[0166dc60] main libvlc error: stale plugins cache: modified D:\Program Files\VLC\plugins\demux\libh26x_plugin.dll
[0166dc60] main libvlc error: stale plugins cache: modified D:\Program Files\VLC\plugins\demux\libimage_plugin.dll
[0166dc60] main libvlc error: stale plugins cache: modified D:\Program Files\VLC\plugins\demux\libmjpeg_plugin.dll
[0166dc60] main libvlc error: stale plugins cache: modified D:\Program Files\VLC\plugins\demux\libmkv_plugin.dll
[0166dc60] main libvlc error: stale plugins cache: modified D:\Program Files\VLC\plugins\demux\libmod_plugin.dll
[0166dc60] main libvlc error: stale plugins cache: modified D:\Program Files\VLC\plugins\demux\libmp4_plugin.dll
[0166dc60] main libvlc error: stale plugins cache: modified D:\Program Files\VLC\plugins\demux\libmpc_plugin.dll
[0166dc60] main libvlc error: stale plugins cache: modified D:\Program Files\VLC\plugins\demux\libmpgv_plugin.dll
[0166dc60] main libvlc error: stale plugins cache: modified D:\Program Files\VLC\plugins\demux\libnoseek_plugin.dll
[0166dc60] main libvlc error: stale plugins cache: modified D:\Program Files\VLC\plugins\demux\libnsc_plugin.dll
[0166dc60] main libvlc error: stale plugins cache: modified D:\Program Files\VLC\plugins\demux\libnsv_plugin.dll
[0166dc60] main libvlc error: stale plugins cache: modified D:\Program Files\VLC\plugins\demux\libnuv_plugin.dll
[0166dc60] main libvlc error: stale plugins cache: modified D:\Program Files\VLC\plugins\demux\libogg_plugin.dll
[0166dc60] main libvlc error: stale plugins cache: modified D:\Program Files\VLC\plugins\demux\libplaylist_plugin.dll
[0166dc60] main libvlc error: stale plugins cache: modified D:\Program Files\VLC\plugins\demux\libps_plugin.dll
[0166dc60] main libvlc error: stale plugins cache: modified D:\Program Files\VLC\plugins\demux\libpva_plugin.dll
[0166dc60] main libvlc error: stale plugins cache: modified D:\Program Files\VLC\plugins\demux\librawaud_plugin.dll
[0166dc60] main libvlc error: stale plugins cache: modified D:\Program Files\VLC\plugins\demux\librawdv_plugin.dll
[0166dc60] main libvlc error: stale plugins cache: modified D:\Program Files\VLC\plugins\demux\librawvid_plugin.dll
[0166dc60] main libvlc error: stale plugins cache: modified D:\Program Files\VLC\plugins\demux\libreal_plugin.dll
[0166dc60] main libvlc error: stale plugins cache: modified D:\Program Files\VLC\plugins\demux\libsid_plugin.dll
[0166dc60] main libvlc error: stale plugins cache: modified D:\Program Files\VLC\plugins\demux\libsmf_plugin.dll
[0166dc60] main libvlc error: stale plugins cache: modified D:\Program Files\VLC\plugins\demux\libsubtitle_plugin.dll
[0166dc60] main libvlc error: stale plugins cache: modified D:\Program Files\VLC\plugins\demux\libts_plugin.dll
[0166dc60] main libvlc error: stale plugins cache: modified D:\Program Files\VLC\plugins\demux\libtta_plugin.dll
[0166dc60] main libvlc error: stale plugins cache: modified D:\Program Files\VLC\plugins\demux\libty_plugin.dll
[0166dc60] main libvlc error: stale plugins cache: modified D:\Program Files\VLC\plugins\demux\libvc1_plugin.dll
[0166dc60] main libvlc error: stale plugins cache: modified D:\Program Files\VLC\plugins\demux\libvobsub_plugin.dll
[0166dc60] main libvlc error: stale plugins cache: modified D:\Program Files\VLC\plugins\demux\libvoc_plugin.dll
[0166dc60] main libvlc error: stale plugins cache: modified D:\Program Files\VLC\plugins\demux\libwav_plugin.dll
[0166dc60] main libvlc error: stale plugins cache: modified D:\Program Files\VLC\plugins\demux\libxa_plugin.dll
[0166dc60] main libvlc error: stale plugins cache: modified D:\Program Files\VLC\plugins\gui\libqt_plugin.dll
[0166dc60] main libvlc error: stale plugins cache: modified D:\Program Files\VLC\plugins\gui\libskins2_plugin.dll
[0166dc60] main libvlc error: stale plugins cache: modified D:\Program Files\VLC\plugins\keystore\libfile_keystore_plugin.dll
[0166dc60] main libvlc error: stale plugins cache: modified D:\Program Files\VLC\plugins\keystore\libmemory_keystore_plugin.dll
[0166dc60] main libvlc error: stale plugins cache: modified D:\Program Files\VLC\plugins\logger\libconsole_logger_plugin.dll
[0166dc60] main libvlc error: stale plugins cache: modified D:\Program Files\VLC\plugins\logger\libfile_logger_plugin.dll
[0166dc60] main libvlc error: stale plugins cache: modified D:\Program Files\VLC\plugins\lua\liblua_plugin.dll
[0166dc60] main libvlc error: stale plugins cache: modified D:\Program Files\VLC\plugins\meta_engine\libfolder_plugin.dll
[0166dc60] main libvlc error: stale plugins cache: modified D:\Program Files\VLC\plugins\meta_engine\libtaglib_plugin.dll
[0166dc60] main libvlc error: stale plugins cache: modified D:\Program Files\VLC\plugins\misc\libaddonsfsstorage_plugin.dll
[0166dc60] main libvlc error: stale plugins cache: modified D:\Program Files\VLC\plugins\misc\libaddonsvorepository_plugin.dll
[0166dc60] main libvlc error: stale plugins cache: modified D:\Program Files\VLC\plugins\misc\libaudioscrobbler_plugin.dll
[0166dc60] main libvlc error: stale plugins cache: modified D:\Program Files\VLC\plugins\misc\libexport_plugin.dll
[0166dc60] main libvlc error: stale plugins cache: modified D:\Program Files\VLC\plugins\misc\libfingerprinter_plugin.dll
[0166dc60] main libvlc error: stale plugins cache: modified D:\Program Files\VLC\plugins\misc\libgnutls_plugin.dll
[0166dc60] main libvlc error: stale plugins cache: modified D:\Program Files\VLC\plugins\misc\liblogger_plugin.dll
[0166dc60] main libvlc error: stale plugins cache: modified D:\Program Files\VLC\plugins\misc\libstats_plugin.dll
[0166dc60] main libvlc error: stale plugins cache: modified D:\Program Files\VLC\plugins\misc\libvod_rtsp_plugin.dll
[0166dc60] main libvlc error: stale plugins cache: modified D:\Program Files\VLC\plugins\misc\libxml_plugin.dll
[0166dc60] main libvlc error: stale plugins cache: modified D:\Program Files\VLC\plugins\mux\libmux_asf_plugin.dll
[0166dc60] main libvlc error: stale plugins cache: modified D:\Program Files\VLC\plugins\mux\libmux_avi_plugin.dll
[0166dc60] main libvlc error: stale plugins cache: modified D:\Program Files\VLC\plugins\mux\libmux_dummy_plugin.dll
[0166dc60] main libvlc error: stale plugins cache: modified D:\Program Files\VLC\plugins\mux\libmux_mp4_plugin.dll
[0166dc60] main libvlc error: stale plugins cache: modified D:\Program Files\VLC\plugins\mux\libmux_mpjpeg_plugin.dll
[0166dc60] main libvlc error: stale plugins cache: modified D:\Program Files\VLC\plugins\mux\libmux_ogg_plugin.dll
[0166dc60] main libvlc error: stale plugins cache: modified D:\Program Files\VLC\plugins\mux\libmux_ps_plugin.dll
[0166dc60] main libvlc error: stale plugins cache: modified D:\Program Files\VLC\plugins\mux\libmux_ts_plugin.dll
[0166dc60] main libvlc error: stale plugins cache: modified D:\Program Files\VLC\plugins\mux\libmux_wav_plugin.dll
[0166dc60] main libvlc error: stale plugins cache: modified D:\Program Files\VLC\plugins\packetizer\libpacketizer_a52_plugin.dll
[0166dc60] main libvlc error: stale plugins cache: modified D:\Program Files\VLC\plugins\packetizer\libpacketizer_av1_plugin.dll
[0166dc60] main libvlc error: stale plugins cache: modified D:\Program Files\VLC\plugins\packetizer\libpacketizer_copy_plugin.dll
[0166dc60] main libvlc error: stale plugins cache: modified D:\Program Files\VLC\plugins\packetizer\libpacketizer_dirac_plugin.dll
[0166dc60] main libvlc error: stale plugins cache: modified D:\Program Files\VLC\plugins\packetizer\libpacketizer_dts_plugin.dll
[0166dc60] main libvlc error: stale plugins cache: modified D:\Program Files\VLC\plugins\packetizer\libpacketizer_flac_plugin.dll
[0166dc60] main libvlc error: stale plugins cache: modified D:\Program Files\VLC\plugins\packetizer\libpacketizer_h264_plugin.dll
[0166dc60] main libvlc error: stale plugins cache: modified D:\Program Files\VLC\plugins\packetizer\libpacketizer_hevc_plugin.dll
[0166dc60] main libvlc error: stale plugins cache: modified D:\Program Files\VLC\plugins\packetizer\libpacketizer_mlp_plugin.dll
[0166dc60] main libvlc error: stale plugins cache: modified D:\Program Files\VLC\plugins\packetizer\libpacketizer_mpeg4audio_plugin.dll
[0166dc60] main libvlc error: stale plugins cache: modified D:\Program Files\VLC\plugins\packetizer\libpacketizer_mpeg4video_plugin.dll
[0166dc60] main libvlc error: stale plugins cache: modified D:\Program Files\VLC\plugins\packetizer\libpacketizer_mpegaudio_plugin.dll
[0166dc60] main libvlc error: stale plugins cache: modified D:\Program Files\VLC\plugins\packetizer\libpacketizer_mpegvideo_plugin.dll
[0166dc60] main libvlc error: stale plugins cache: modified D:\Program Files\VLC\plugins\packetizer\libpacketizer_vc1_plugin.dll
[0166dc60] main libvlc error: stale plugins cache: modified D:\Program Files\VLC\plugins\services_discovery\libmediadirs_plugin.dll
[0166dc60] main libvlc error: stale plugins cache: modified D:\Program Files\VLC\plugins\services_discovery\libmicrodns_plugin.dll
[0166dc60] main libvlc error: stale plugins cache: modified D:\Program Files\VLC\plugins\services_discovery\libpodcast_plugin.dll
[0166dc60] main libvlc error: stale plugins cache: modified D:\Program Files\VLC\plugins\services_discovery\libsap_plugin.dll
[0166dc60] main libvlc error: stale plugins cache: modified D:\Program Files\VLC\plugins\services_discovery\libupnp_plugin.dll
[0166dc60] main libvlc error: stale plugins cache: modified D:\Program Files\VLC\plugins\services_discovery\libwindrive_plugin.dll
[0166dc60] main libvlc error: stale plugins cache: modified D:\Program Files\VLC\plugins\spu\libaudiobargraph_v_plugin.dll
[0166dc60] main libvlc error: stale plugins cache: modified D:\Program Files\VLC\plugins\spu\liblogo_plugin.dll
[0166dc60] main libvlc error: stale plugins cache: modified D:\Program Files\VLC\plugins\spu\libmarq_plugin.dll
[0166dc60] main libvlc error: stale plugins cache: modified D:\Program Files\VLC\plugins\spu\libmosaic_plugin.dll
[0166dc60] main libvlc error: stale plugins cache: modified D:\Program Files\VLC\plugins\spu\libremoteosd_plugin.dll
[0166dc60] main libvlc error: stale plugins cache: modified D:\Program Files\VLC\plugins\spu\librss_plugin.dll
[0166dc60] main libvlc error: stale plugins cache: modified D:\Program Files\VLC\plugins\spu\libsubsdelay_plugin.dll
[0166dc60] main libvlc error: stale plugins cache: modified D:\Program Files\VLC\plugins\stream_extractor\libarchive_plugin.dll
[0166dc60] main libvlc error: stale plugins cache: modified D:\Program Files\VLC\plugins\stream_filter\libadf_plugin.dll
[0166dc60] main libvlc error: stale plugins cache: modified D:\Program Files\VLC\plugins\stream_filter\libaribcam_plugin.dll
[0166dc60] main libvlc error: stale plugins cache: modified D:\Program Files\VLC\plugins\stream_filter\libcache_block_plugin.dll
[0166dc60] main libvlc error: stale plugins cache: modified D:\Program Files\VLC\plugins\stream_filter\libcache_read_plugin.dll
[0166dc60] main libvlc error: stale plugins cache: modified D:\Program Files\VLC\plugins\stream_filter\libhds_plugin.dll
[0166dc60] main libvlc error: stale plugins cache: modified D:\Program Files\VLC\plugins\stream_filter\libinflate_plugin.dll
[0166dc60] main libvlc error: stale plugins cache: modified D:\Program Files\VLC\plugins\stream_filter\libprefetch_plugin.dll
[0166dc60] main libvlc error: stale plugins cache: modified D:\Program Files\VLC\plugins\stream_filter\librecord_plugin.dll
[0166dc60] main libvlc error: stale plugins cache: modified D:\Program Files\VLC\plugins\stream_filter\libskiptags_plugin.dll
[0166dc60] main libvlc error: stale plugins cache: modified D:\Program Files\VLC\plugins\stream_out\libstream_out_autodel_plugin.dll
[0166dc60] main libvlc error: stale plugins cache: modified D:\Program Files\VLC\plugins\stream_out\libstream_out_bridge_plugin.dll
[0166dc60] main libvlc error: stale plugins cache: modified D:\Program Files\VLC\plugins\stream_out\libstream_out_chromaprint_plugin.dll
[0166dc60] main libvlc error: stale plugins cache: modified D:\Program Files\VLC\plugins\stream_out\libstream_out_chromecast_plugin.dll
[0166dc60] main libvlc error: stale plugins cache: modified D:\Program Files\VLC\plugins\stream_out\libstream_out_cycle_plugin.dll
[0166dc60] main libvlc error: stale plugins cache: modified D:\Program Files\VLC\plugins\stream_out\libstream_out_delay_plugin.dll
[0166dc60] main libvlc error: stale plugins cache: modified D:\Program Files\VLC\plugins\stream_out\libstream_out_description_plugin.dll
[0166dc60] main libvlc error: stale plugins cache: modified D:\Program Files\VLC\plugins\stream_out\libstream_out_display_plugin.dll
[0166dc60] main libvlc error: stale plugins cache: modified D:\Program Files\VLC\plugins\stream_out\libstream_out_dummy_plugin.dll
[0166dc60] main libvlc error: stale plugins cache: modified D:\Program Files\VLC\plugins\stream_out\libstream_out_duplicate_plugin.dll
[0166dc60] main libvlc error: stale plugins cache: modified D:\Program Files\VLC\plugins\stream_out\libstream_out_es_plugin.dll
[0166dc60] main libvlc error: stale plugins cache: modified D:\Program Files\VLC\plugins\stream_out\libstream_out_gather_plugin.dll
[0166dc60] main libvlc error: stale plugins cache: modified D:\Program Files\VLC\plugins\stream_out\libstream_out_mosaic_bridge_plugin.dll
[0166dc60] main libvlc error: stale plugins cache: modified D:\Program Files\VLC\plugins\stream_out\libstream_out_record_plugin.dll
[0166dc60] main libvlc error: stale plugins cache: modified D:\Program Files\VLC\plugins\stream_out\libstream_out_rtp_plugin.dll
[0166dc60] main libvlc error: stale plugins cache: modified D:\Program Files\VLC\plugins\stream_out\libstream_out_setid_plugin.dll
[0166dc60] main libvlc error: stale plugins cache: modified D:\Program Files\VLC\plugins\stream_out\libstream_out_smem_plugin.dll
[0166dc60] main libvlc error: stale plugins cache: modified D:\Program Files\VLC\plugins\stream_out\libstream_out_standard_plugin.dll
[0166dc60] main libvlc error: stale plugins cache: modified D:\Program Files\VLC\plugins\stream_out\libstream_out_stats_plugin.dll
[0166dc60] main libvlc error: stale plugins cache: modified D:\Program Files\VLC\plugins\stream_out\libstream_out_transcode_plugin.dll
[0166dc60] main libvlc error: stale plugins cache: modified D:\Program Files\VLC\plugins\text_renderer\libfreetype_plugin.dll
[0166dc60] main libvlc error: stale plugins cache: modified D:\Program Files\VLC\plugins\text_renderer\libsapi_plugin.dll
[0166dc60] main libvlc error: stale plugins cache: modified D:\Program Files\VLC\plugins\text_renderer\libtdummy_plugin.dll
[0166dc60] main libvlc error: stale plugins cache: modified D:\Program Files\VLC\plugins\video_chroma\libchain_plugin.dll
[0166dc60] main libvlc error: stale plugins cache: modified D:\Program Files\VLC\plugins\video_chroma\libgrey_yuv_plugin.dll
[0166dc60] main libvlc error: stale plugins cache: modified D:\Program Files\VLC\plugins\video_chroma\libi420_10_p010_plugin.dll
[0166dc60] main libvlc error: stale plugins cache: modified D:\Program Files\VLC\plugins\video_chroma\libi420_nv12_plugin.dll
[0166dc60] main libvlc error: stale plugins cache: modified D:\Program Files\VLC\plugins\video_chroma\libi420_rgb_mmx_plugin.dll
[0166dc60] main libvlc error: stale plugins cache: modified D:\Program Files\VLC\plugins\video_chroma\libi420_rgb_plugin.dll
[0166dc60] main libvlc error: stale plugins cache: modified D:\Program Files\VLC\plugins\video_chroma\libi420_rgb_sse2_plugin.dll
[0166dc60] main libvlc error: stale plugins cache: modified D:\Program Files\VLC\plugins\video_chroma\libi420_yuy2_mmx_plugin.dll
[0166dc60] main libvlc error: stale plugins cache: modified D:\Program Files\VLC\plugins\video_chroma\libi420_yuy2_plugin.dll
[0166dc60] main libvlc error: stale plugins cache: modified D:\Program Files\VLC\plugins\video_chroma\libi420_yuy2_sse2_plugin.dll
[0166dc60] main libvlc error: stale plugins cache: modified D:\Program Files\VLC\plugins\video_chroma\libi422_i420_plugin.dll
[0166dc60] main libvlc error: stale plugins cache: modified D:\Program Files\VLC\plugins\video_chroma\libi422_yuy2_mmx_plugin.dll
[0166dc60] main libvlc error: stale plugins cache: modified D:\Program Files\VLC\plugins\video_chroma\libi422_yuy2_plugin.dll
[0166dc60] main libvlc error: stale plugins cache: modified D:\Program Files\VLC\plugins\video_chroma\libi422_yuy2_sse2_plugin.dll
[0166dc60] main libvlc error: stale plugins cache: modified D:\Program Files\VLC\plugins\video_chroma\librv32_plugin.dll
[0166dc60] main libvlc error: stale plugins cache: modified D:\Program Files\VLC\plugins\video_chroma\libswscale_plugin.dll
[0166dc60] main libvlc error: stale plugins cache: modified D:\Program Files\VLC\plugins\video_chroma\libyuvp_plugin.dll
[0166dc60] main libvlc error: stale plugins cache: modified D:\Program Files\VLC\plugins\video_chroma\libyuy2_i420_plugin.dll
[0166dc60] main libvlc error: stale plugins cache: modified D:\Program Files\VLC\plugins\video_chroma\libyuy2_i422_plugin.dll
[0166dc60] main libvlc error: stale plugins cache: modified D:\Program Files\VLC\plugins\video_filter\libadjust_plugin.dll
[0166dc60] main libvlc error: stale plugins cache: modified D:\Program Files\VLC\plugins\video_filter\libalphamask_plugin.dll
[0166dc60] main libvlc error: stale plugins cache: modified D:\Program Files\VLC\plugins\video_filter\libanaglyph_plugin.dll
[0166dc60] main libvlc error: stale plugins cache: modified D:\Program Files\VLC\plugins\video_filter\libantiflicker_plugin.dll
[0166dc60] main libvlc error: stale plugins cache: modified D:\Program Files\VLC\plugins\video_filter\libball_plugin.dll
[0166dc60] main libvlc error: stale plugins cache: modified D:\Program Files\VLC\plugins\video_filter\libblendbench_plugin.dll
[0166dc60] main libvlc error: stale plugins cache: modified D:\Program Files\VLC\plugins\video_filter\libblend_plugin.dll
[0166dc60] main libvlc error: stale plugins cache: modified D:\Program Files\VLC\plugins\video_filter\libbluescreen_plugin.dll
[0166dc60] main libvlc error: stale plugins cache: modified D:\Program Files\VLC\plugins\video_filter\libcanvas_plugin.dll
[0166dc60] main libvlc error: stale plugins cache: modified D:\Program Files\VLC\plugins\video_filter\libcolorthres_plugin.dll
[0166dc60] main libvlc error: stale plugins cache: modified D:\Program Files\VLC\plugins\video_filter\libcroppadd_plugin.dll
[0166dc60] main libvlc error: stale plugins cache: modified D:\Program Files\VLC\plugins\video_filter\libdeinterlace_plugin.dll
[0166dc60] main libvlc error: stale plugins cache: modified D:\Program Files\VLC\plugins\video_filter\libedgedetection_plugin.dll
[0166dc60] main libvlc error: stale plugins cache: modified D:\Program Files\VLC\plugins\video_filter\liberase_plugin.dll
[0166dc60] main libvlc error: stale plugins cache: modified D:\Program Files\VLC\plugins\video_filter\libextract_plugin.dll
[0166dc60] main libvlc error: stale plugins cache: modified D:\Program Files\VLC\plugins\video_filter\libfps_plugin.dll
[0166dc60] main libvlc error: stale plugins cache: modified D:\Program Files\VLC\plugins\video_filter\libfreeze_plugin.dll
[0166dc60] main libvlc error: stale plugins cache: modified D:\Program Files\VLC\plugins\video_filter\libgaussianblur_plugin.dll
[0166dc60] main libvlc error: stale plugins cache: modified D:\Program Files\VLC\plugins\video_filter\libgradfun_plugin.dll
[0166dc60] main libvlc error: stale plugins cache: modified D:\Program Files\VLC\plugins\video_filter\libgradient_plugin.dll
[0166dc60] main libvlc error: stale plugins cache: modified D:\Program Files\VLC\plugins\video_filter\libgrain_plugin.dll
[0166dc60] main libvlc error: stale plugins cache: modified D:\Program Files\VLC\plugins\video_filter\libhqdn3d_plugin.dll
[0166dc60] main libvlc error: stale plugins cache: modified D:\Program Files\VLC\plugins\video_filter\libinvert_plugin.dll
[0166dc60] main libvlc error: stale plugins cache: modified D:\Program Files\VLC\plugins\video_filter\libmagnify_plugin.dll
[0166dc60] main libvlc error: stale plugins cache: modified D:\Program Files\VLC\plugins\video_filter\libmirror_plugin.dll
[0166dc60] main libvlc error: stale plugins cache: modified D:\Program Files\VLC\plugins\video_filter\libmotionblur_plugin.dll
[0166dc60] main libvlc error: stale plugins cache: modified D:\Program Files\VLC\plugins\video_filter\libmotiondetect_plugin.dll
[0166dc60] main libvlc error: stale plugins cache: modified D:\Program Files\VLC\plugins\video_filter\liboldmovie_plugin.dll
[0166dc60] main libvlc error: stale plugins cache: modified D:\Program Files\VLC\plugins\video_filter\libposterize_plugin.dll
[0166dc60] main libvlc error: stale plugins cache: modified D:\Program Files\VLC\plugins\video_filter\libpostproc_plugin.dll
[0166dc60] main libvlc error: stale plugins cache: modified D:\Program Files\VLC\plugins\video_filter\libpsychedelic_plugin.dll
[0166dc60] main libvlc error: stale plugins cache: modified D:\Program Files\VLC\plugins\video_filter\libpuzzle_plugin.dll
[0166dc60] main libvlc error: stale plugins cache: modified D:\Program Files\VLC\plugins\video_filter\libripple_plugin.dll
[0166dc60] main libvlc error: stale plugins cache: modified D:\Program Files\VLC\plugins\video_filter\librotate_plugin.dll
[0166dc60] main libvlc error: stale plugins cache: modified D:\Program Files\VLC\plugins\video_filter\libscale_plugin.dll
[0166dc60] main libvlc error: stale plugins cache: modified D:\Program Files\VLC\plugins\video_filter\libscene_plugin.dll
[0166dc60] main libvlc error: stale plugins cache: modified D:\Program Files\VLC\plugins\video_filter\libsepia_plugin.dll
[0166dc60] main libvlc error: stale plugins cache: modified D:\Program Files\VLC\plugins\video_filter\libsharpen_plugin.dll
[0166dc60] main libvlc error: stale plugins cache: modified D:\Program Files\VLC\plugins\video_filter\libtransform_plugin.dll
[0166dc60] main libvlc error: stale plugins cache: modified D:\Program Files\VLC\plugins\video_filter\libvhs_plugin.dll
[0166dc60] main libvlc error: stale plugins cache: modified D:\Program Files\VLC\plugins\video_filter\libwave_plugin.dll
[0166dc60] main libvlc error: stale plugins cache: modified D:\Program Files\VLC\plugins\video_output\libcaca_plugin.dll
[0166dc60] main libvlc error: stale plugins cache: modified D:\Program Files\VLC\plugins\video_output\libdirect3d11_plugin.dll
[0166dc60] main libvlc error: stale plugins cache: modified D:\Program Files\VLC\plugins\video_output\libdirect3d9_plugin.dll
[0166dc60] main libvlc error: stale plugins cache: modified D:\Program Files\VLC\plugins\video_output\libdirectdraw_plugin.dll
[0166dc60] main libvlc error: stale plugins cache: modified D:\Program Files\VLC\plugins\video_output\libdrawable_plugin.dll
[0166dc60] main libvlc error: stale plugins cache: modified D:\Program Files\VLC\plugins\video_output\libflaschen_plugin.dll
[0166dc60] main libvlc error: stale plugins cache: modified D:\Program Files\VLC\plugins\video_output\libglinterop_dxva2_plugin.dll
[0166dc60] main libvlc error: stale plugins cache: modified D:\Program Files\VLC\plugins\video_output\libglwin32_plugin.dll
[0166dc60] main libvlc error: stale plugins cache: modified D:\Program Files\VLC\plugins\video_output\libgl_plugin.dll
[0166dc60] main libvlc error: stale plugins cache: modified D:\Program Files\VLC\plugins\video_output\libvdummy_plugin.dll
[0166dc60] main libvlc error: stale plugins cache: modified D:\Program Files\VLC\plugins\video_output\libvmem_plugin.dll
[0166dc60] main libvlc error: stale plugins cache: modified D:\Program Files\VLC\plugins\video_output\libwgl_plugin.dll
[0166dc60] main libvlc error: stale plugins cache: modified D:\Program Files\VLC\plugins\video_output\libwingdi_plugin.dll
[0166dc60] main libvlc error: stale plugins cache: modified D:\Program Files\VLC\plugins\video_output\libwinhibit_plugin.dll
[0166dc60] main libvlc error: stale plugins cache: modified D:\Program Files\VLC\plugins\video_output\libyuv_plugin.dll
[0166dc60] main libvlc error: stale plugins cache: modified D:\Program Files\VLC\plugins\video_splitter\libclone_plugin.dll
[0166dc60] main libvlc error: stale plugins cache: modified D:\Program Files\VLC\plugins\video_splitter\libpanoramix_plugin.dll
[0166dc60] main libvlc error: stale plugins cache: modified D:\Program Files\VLC\plugins\video_splitter\libwall_plugin.dll
[0166dc60] main libvlc error: stale plugins cache: modified D:\Program Files\VLC\plugins\visualization\libglspectrum_plugin.dll
[0166dc60] main libvlc error: stale plugins cache: modified D:\Program Files\VLC\plugins\visualization\libgoom_plugin.dll
[0166dc60] main libvlc error: stale plugins cache: modified D:\Program Files\VLC\plugins\visualization\libprojectm_plugin.dll
[0166dc60] main libvlc error: stale plugins cache: modified D:\Program Files\VLC\plugins\visualization\libvisual_plugin.dll
[0166dc60] main libvlc: Running vlc with the default interface. Use 'cvlc' to use vlc without interface.
[02f8d9b8] http access out: Consider passing --http-host=IP on the command line instead.
[04ea0960] avcodec encoder error: Unknown option "rc_buffer_aggressivity"
[swscaler @ 04fceec0] deprecated pixel format used, make sure you did set range correctly
[swscaler @ 0515a040] deprecated pixel format used, make sure you did set range correctly
[04ea0960] avcodec encoder error: Unknown option "rc_buffer_aggressivity"
[02f6b1d8] main input error: ES_OUT_SET_(GROUP_)PCR  is called too late (pts_delay increased to 0 ms)
[02f6b1d8] main input error: ES_OUT_SET_(GROUP_)PCR  is called too late (pts_delay increased to 1 ms)
[02f6b1d8] main input error: ES_OUT_SET_(GROUP_)PCR  is called too late (pts_delay increased to 4 ms)
[02f6b1d8] main input error: ES_OUT_SET_(GROUP_)PCR  is called too late (pts_delay increased to 9 ms)
[02f6b1d8] main input error: ES_OUT_SET_(GROUP_)PCR  is called too late (pts_delay increased to 9 ms)
[02f6b1d8] main input error: ES_OUT_SET_(GROUP_)PCR  is called too late (pts_delay increased to 11 ms)
[02f6b1d8] main input error: ES_OUT_SET_(GROUP_)PCR  is called too late (pts_delay increased to 12 ms)
[02f6b1d8] main input error: ES_OUT_SET_(GROUP_)PCR  is called too late (pts_delay increased to 13 ms)
[02f6b1d8] main input error: ES_OUT_SET_(GROUP_)PCR  is called too late (pts_delay increased to 14 ms)
[02f6b1d8] main input error: ES_OUT_SET_(GROUP_)PCR  is called too late (pts_delay increased to 15 ms)
[02f6b1d8] main input error: ES_OUT_SET_(GROUP_)PCR  is called too late (pts_delay increased to 16 ms)
[02f6b1d8] main input error: ES_OUT_SET_(GROUP_)PCR  is called too late (pts_delay increased to 18 ms)
[02f6b1d8] main input error: ES_OUT_SET_(GROUP_)PCR  is called too late (pts_delay increased to 19 ms)
[02f6b1d8] main input error: ES_OUT_SET_(GROUP_)PCR  is called too late (pts_delay increased to 19 ms)
[02f6b1d8] main input error: ES_OUT_SET_(GROUP_)PCR  is called too late (pts_delay increased to 21 ms)
[02f6b1d8] main input error: ES_OUT_SET_(GROUP_)PCR  is called too late (pts_delay increased to 22 ms)
[02f6b1d8] main input error: ES_OUT_SET_(GROUP_)PCR  is called too late (pts_delay increased to 22 ms)
[02f6b1d8] main input error: ES_OUT_SET_(GROUP_)PCR  is called too late (pts_delay increased to 23 ms)
[02f6b1d8] main input error: ES_OUT_SET_(GROUP_)PCR  is called too late (pts_delay increased to 24 ms)
[02f6b1d8] main input error: ES_OUT_SET_(GROUP_)PCR  is called too late (pts_delay increased to 24 ms)
[02f6b1d8] main input error: ES_OUT_SET_(GROUP_)PCR  is called too late (pts_delay increased to 26 ms)
[02f6b1d8] main input error: ES_OUT_SET_(GROUP_)PCR  is called too late (pts_delay increased to 28 ms)
[02f6b1d8] main input error: ES_OUT_SET_(GROUP_)PCR  is called too late (pts_delay increased to 28 ms)
[02f6b1d8] main input error: ES_OUT_SET_(GROUP_)PCR  is called too late (pts_delay increased to 31 ms)
[02f6b1d8] main input error: ES_OUT_SET_(GROUP_)PCR  is called too late (pts_delay increased to 34 ms)
[02f6b1d8] main input error: ES_OUT_SET_(GROUP_)PCR  is called too late (pts_delay increased to 184 ms)
[mjpeg @ 04f39240] vbv buffer overflow
[mjpeg @ 04f39240] vbv buffer overflow
[mjpeg @ 04f39240] vbv buffer overflow
[mjpeg @ 04f39240] vbv buffer overflow
[mjpeg @ 04f39240] vbv buffer overflow
[mjpeg @ 04f39240] vbv buffer overflow
[mjpeg @ 04f39240] vbv buffer overflow
[mjpeg @ 04f39240] vbv buffer overflow
[mjpeg @ 04f39240] vbv buffer overflow
[mjpeg @ 04f39240] vbv buffer overflow
[mjpeg @ 04f39240] vbv buffer overflow
[mjpeg @ 04f39240] vbv buffer overflow
[mjpeg @ 04f39240] vbv buffer overflow
[mjpeg @ 04f39240] vbv buffer overflow
[mjpeg @ 04f39240] vbv buffer overflow
[mjpeg @ 04f39240] vbv buffer overflow
[mjpeg @ 04f39240] vbv buffer overflow
[mjpeg @ 04f39240] vbv buffer overflow
[mjpeg @ 04f39240] vbv buffer overflow
[mjpeg @ 04f39240] vbv buffer overflow
[mjpeg @ 04f39240] vbv buffer overflow
[mjpeg @ 04f39240] vbv buffer overflow
[mjpeg @ 04f39240] vbv buffer overflow
[mjpeg @ 04f39240] vbv buffer overflow
[mjpeg @ 04f39240] vbv buffer overflow
[mjpeg @ 04f39240] vbv buffer overflow
[mjpeg @ 04f39240] vbv buffer overflow
[mjpeg @ 04f39240] vbv buffer overflow
[mjpeg @ 04f39240] vbv buffer overflow
[mjpeg @ 04f39240] vbv buffer overflow
[mjpeg @ 04f39240] vbv buffer overflow
[mjpeg @ 04f39240] vbv buffer overflow
[mjpeg @ 04f39240] vbv buffer overflow
[mjpeg @ 04f39240] vbv buffer overflow
[mjpeg @ 04f39240] vbv buffer overflow
[mjpeg @ 04f39240] vbv buffer overflow
[mjpeg @ 04f39240] vbv buffer overflow
[mjpeg @ 04f39240] vbv buffer overflow
[mjpeg @ 04f39240] vbv buffer overflow
[mjpeg @ 04f39240] vbv buffer overflow
[mjpeg @ 04f39240] vbv buffer overflow
[mjpeg @ 04f39240] vbv buffer overflow
[mjpeg @ 04f39240] vbv buffer overflow
[mjpeg @ 04f39240] vbv buffer overflow
[mjpeg @ 04f39240] vbv buffer overflow
[mjpeg @ 04f39240] vbv buffer overflow
[mjpeg @ 04f39240] vbv buffer overflow
[mjpeg @ 04f39240] vbv buffer overflow
[mjpeg @ 04f39240] vbv buffer overflow
[mjpeg @ 04f39240] vbv buffer overflow
[mjpeg @ 04f39240] vbv buffer overflow
[mjpeg @ 04f39240] vbv buffer overflow
[mjpeg @ 04f39240] vbv buffer overflow
[mjpeg @ 04f39240] vbv buffer overflow
[mjpeg @ 04f39240] vbv buffer overflow
[mjpeg @ 04f39240] vbv buffer overflow
[mjpeg @ 04f39240] vbv buffer overflow
[mjpeg @ 04f39240] vbv buffer overflow
[mjpeg @ 04f39240] vbv buffer overflow
[mjpeg @ 04f39240] vbv buffer overflow
[mjpeg @ 04f39240] vbv buffer overflow
[mjpeg @ 04f39240] vbv buffer overflow
[mjpeg @ 04f39240] vbv buffer overflow
[mjpeg @ 04f39240] vbv buffer overflow
[mjpeg @ 04f39240] vbv buffer overflow
[mjpeg @ 04f39240] vbv buffer overflow
[mjpeg @ 04f39240] vbv buffer overflow
[mjpeg @ 04f39240] vbv buffer overflow
[mjpeg @ 04f39240] vbv buffer overflow
[mjpeg @ 04f39240] vbv buffer overflow
[mjpeg @ 04f39240] vbv buffer overflow
[mjpeg @ 04f39240] vbv buffer overflow
[mjpeg @ 04f39240] vbv buffer overflow
[mjpeg @ 04f39240] vbv buffer overflow
[mjpeg @ 04f39240] vbv buffer overflow
[mjpeg @ 04f39240] vbv buffer overflow
[mjpeg @ 04f39240] vbv buffer overflow
[mjpeg @ 04f39240] vbv buffer overflow
[mjpeg @ 04f39240] vbv buffer overflow
[mjpeg @ 04f39240] vbv buffer overflow
[mjpeg @ 04f39240] vbv buffer overflow
[mjpeg @ 04f39240] vbv buffer overflow
[mjpeg @ 04f39240] vbv buffer overflow
[mjpeg @ 04f39240] vbv buffer overflow
[mjpeg @ 04f39240] vbv buffer overflow
[mjpeg @ 04f39240] vbv buffer overflow
[mjpeg @ 04f39240] vbv buffer overflow
[mjpeg @ 04f39240] vbv buffer overflow
[mjpeg @ 04f39240] vbv buffer overflow
[mjpeg @ 04f39240] vbv buffer overflow
[mjpeg @ 04f39240] vbv buffer overflow
[mjpeg @ 04f39240] vbv buffer overflow
[mjpeg @ 04f39240] vbv buffer overflow
[mjpeg @ 04f39240] vbv buffer overflow
[mjpeg @ 04f39240] vbv buffer overflow
[mjpeg @ 04f39240] vbv buffer overflow
[mjpeg @ 04f39240] vbv buffer overflow
[mjpeg @ 04f39240] vbv buffer overflow
[mjpeg @ 04f39240] vbv buffer overflow
[mjpeg @ 04f39240] vbv buffer overflow
[mjpeg @ 04f39240] vbv buffer overflow
[mjpeg @ 04f39240] vbv buffer overflow
[mjpeg @ 04f39240] vbv buffer overflow
[mjpeg @ 04f39240] vbv buffer overflow
[mjpeg @ 04f39240] vbv buffer overflow
[mjpeg @ 04f39240] vbv buffer overflow
[mjpeg @ 04f39240] vbv buffer overflow
[mjpeg @ 04f39240] vbv buffer overflow
[mjpeg @ 04f39240] vbv buffer overflow
[mjpeg @ 04f39240] vbv buffer overflow
[mjpeg @ 04f39240] vbv buffer overflow
[mjpeg @ 04f39240] vbv buffer overflow
[mjpeg @ 04f39240] vbv buffer overflow
[mjpeg @ 04f39240] vbv buffer overflow
[mjpeg @ 04f39240] vbv buffer overflow
[mjpeg @ 04f39240] vbv buffer overflow
[mjpeg @ 04f39240] vbv buffer overflow
[mjpeg @ 04f39240] vbv buffer overflow
[02f6b1d8] main input error: ES_OUT_SET_(GROUP_)PCR  is called too late (pts_delay increased to 297 ms)
[mjpeg @ 04f39240] vbv buffer overflow
[mjpeg @ 04f39240] vbv buffer overflow
[mjpeg @ 04f39240] vbv buffer overflow
[mjpeg @ 04f39240] vbv buffer overflow
[mjpeg @ 04f39240] vbv buffer overflow
[mjpeg @ 04f39240] vbv buffer overflow
[mjpeg @ 04f39240] vbv buffer overflow
[mjpeg @ 04f39240] vbv buffer overflow
[mjpeg @ 04f39240] vbv buffer overflow
[mjpeg @ 04f39240] vbv buffer overflow
[mjpeg @ 04f39240] vbv buffer overflow
[mjpeg @ 04f39240] vbv buffer overflow
[mjpeg @ 04f39240] vbv buffer overflow
[mjpeg @ 04f39240] vbv buffer overflow
[mjpeg @ 04f39240] vbv buffer overflow
[mjpeg @ 04f39240] vbv buffer overflow
[mjpeg @ 04f39240] vbv buffer overflow
[mjpeg @ 04f39240] vbv buffer overflow
[mjpeg @ 04f39240] vbv buffer overflow
[mjpeg @ 04f39240] vbv buffer overflow
[mjpeg @ 04f39240] vbv buffer overflow
[mjpeg @ 04f39240] vbv buffer overflow
[mjpeg @ 04f39240] vbv buffer overflow
[mjpeg @ 04f39240] vbv buffer overflow
[mjpeg @ 04f39240] vbv buffer overflow
[mjpeg @ 04f39240] vbv buffer overflow
[mjpeg @ 04f39240] vbv buffer overflow
[mjpeg @ 04f39240] vbv buffer overflow
[mjpeg @ 04f39240] vbv buffer overflow
[mjpeg @ 04f39240] vbv buffer overflow
[mjpeg @ 04f39240] vbv buffer overflow
[mjpeg @ 04f39240] vbv buffer overflow
[mjpeg @ 04f39240] vbv buffer overflow
[mjpeg @ 04f39240] vbv buffer overflow
[mjpeg @ 04f39240] vbv buffer overflow
[mjpeg @ 04f39240] vbv buffer overflow
[mjpeg @ 04f39240] vbv buffer overflow
[mjpeg @ 04f39240] vbv buffer overflow
[mjpeg @ 04f39240] vbv buffer overflow
[mjpeg @ 04f39240] vbv buffer overflow
[mjpeg @ 04f39240] vbv buffer overflow
[mjpeg @ 04f39240] vbv buffer overflow
[mjpeg @ 04f39240] vbv buffer overflow
[mjpeg @ 04f39240] vbv buffer overflow
[mjpeg @ 04f39240] vbv buffer overflow
[mjpeg @ 04f39240] vbv buffer overflow
[mjpeg @ 04f39240] vbv buffer overflow
[mjpeg @ 04f39240] vbv buffer overflow
[mjpeg @ 04f39240] vbv buffer overflow
[mjpeg @ 04f39240] vbv buffer overflow
[mjpeg @ 04f39240] vbv buffer overflow
[mjpeg @ 04f39240] vbv buffer overflow
[mjpeg @ 04f39240] vbv buffer overflow
[mjpeg @ 04f39240] vbv buffer overflow
[mjpeg @ 04f39240] vbv buffer overflow
[mjpeg @ 04f39240] vbv buffer overflow
[mjpeg @ 04f39240] vbv buffer overflow
[mjpeg @ 04f39240] vbv buffer overflow
[mjpeg @ 04f39240] vbv buffer overflow
[mjpeg @ 04f39240] vbv buffer overflow
[mjpeg @ 04f39240] vbv buffer overflow
[mjpeg @ 04f39240] vbv buffer overflow
[mjpeg @ 04f39240] vbv buffer overflow
[mjpeg @ 04f39240] vbv buffer overflow
[mjpeg @ 04f39240] vbv buffer overflow
[mjpeg @ 04f39240] vbv buffer overflow
[mjpeg @ 04f39240] vbv buffer overflow
[mjpeg @ 04f39240] vbv buffer overflow
[mjpeg @ 04f39240] vbv buffer overflow
[mjpeg @ 04f39240] vbv buffer overflow
[mjpeg @ 04f39240] vbv buffer overflow
[mjpeg @ 04f39240] vbv buffer overflow
[mjpeg @ 04f39240] vbv buffer overflow
[mjpeg @ 04f39240] vbv buffer overflow
[mjpeg @ 04f39240] vbv buffer overflow
[mjpeg @ 04f39240] vbv buffer overflow
[mjpeg @ 04f39240] vbv buffer overflow
[mjpeg @ 04f39240] vbv buffer overflow
[mjpeg @ 04f39240] vbv buffer overflow
[mjpeg @ 04f39240] vbv buffer overflow
[mjpeg @ 04f39240] vbv buffer overflow
[mjpeg @ 04f39240] vbv buffer overflow
[mjpeg @ 04f39240] vbv buffer overflow
[mjpeg @ 04f39240] vbv buffer overflow
[mjpeg @ 04f39240] vbv buffer overflow
[mjpeg @ 04f39240] vbv buffer overflow
[mjpeg @ 04f39240] vbv buffer overflow
[mjpeg @ 04f39240] vbv buffer overflow
[mjpeg @ 04f39240] vbv buffer overflow
[mjpeg @ 04f39240] vbv buffer overflow
[mjpeg @ 04f39240] vbv buffer overflow
[mjpeg @ 04f39240] vbv buffer overflow
[mjpeg @ 04f39240] vbv buffer overflow
[mjpeg @ 04f39240] vbv buffer overflow
[mjpeg @ 04f39240] vbv buffer overflow
[mjpeg @ 04f39240] vbv buffer overflow
[mjpeg @ 04f39240] vbv buffer overflow
[mjpeg @ 04f39240] vbv buffer overflow
[mjpeg @ 04f39240] vbv buffer overflow
[mjpeg @ 04f39240] vbv buffer overflow
[mjpeg @ 04f39240] vbv buffer overflow
[mjpeg @ 04f39240] vbv buffer overflow
[mjpeg @ 04f39240] vbv buffer overflow
[mjpeg @ 04f39240] vbv buffer overflow
[mjpeg @ 04f39240] vbv buffer overflow
[mjpeg @ 04f39240] vbv buffer overflow
[mjpeg @ 04f39240] vbv buffer overflow
[mjpeg @ 04f39240] vbv buffer overflow
[mjpeg @ 04f39240] vbv buffer overflow
[mjpeg @ 04f39240] vbv buffer overflow
[mjpeg @ 04f39240] vbv buffer overflow
[mjpeg @ 04f39240] vbv buffer overflow
[mjpeg @ 04f39240] vbv buffer overflow
[mjpeg @ 04f39240] vbv buffer overflow
[mjpeg @ 04f39240] vbv buffer overflow
[mjpeg @ 04f39240] vbv buffer overflow
[mjpeg @ 04f39240] vbv buffer overflow
[mjpeg @ 04f39240] vbv buffer overflow
[mjpeg @ 04f39240] vbv buffer overflow
[mjpeg @ 04f39240] vbv buffer overflow
[mjpeg @ 04f39240] vbv buffer overflow
[mjpeg @ 04f39240] vbv buffer overflow
[mjpeg @ 04f39240] vbv buffer overflow
[mjpeg @ 04f39240] vbv buffer overflow
[mjpeg @ 04f39240] vbv buffer overflow
[mjpeg @ 04f39240] vbv buffer overflow
[mjpeg @ 04f39240] vbv buffer overflow
[mjpeg @ 04f39240] vbv buffer overflow
[mjpeg @ 04f39240] vbv buffer overflow
[mjpeg @ 04f39240] vbv buffer overflow
[mjpeg @ 04f39240] vbv buffer overflow
[mjpeg @ 04f39240] vbv buffer overflow
[mjpeg @ 04f39240] vbv buffer overflow
[mjpeg @ 04f39240] vbv buffer overflow
[mjpeg @ 04f39240] vbv buffer overflow
[mjpeg @ 04f39240] vbv buffer overflow
[mjpeg @ 04f39240] vbv buffer overflow
[mjpeg @ 04f39240] vbv buffer overflow
[mjpeg @ 04f39240] vbv buffer overflow
[mjpeg @ 04f39240] vbv buffer overflow
[mjpeg @ 04f39240] vbv buffer overflow
[mjpeg @ 04f39240] vbv buffer overflow
[mjpeg @ 04f39240] vbv buffer overflow
[mjpeg @ 04f39240] vbv buffer overflow
[mjpeg @ 04f39240] vbv buffer overflow
[mjpeg @ 04f39240] vbv buffer overflow
[mjpeg @ 04f39240] vbv buffer overflow
[mjpeg @ 04f39240] vbv buffer overflow
[mjpeg @ 04f39240] vbv buffer overflow
[mjpeg @ 04f39240] vbv buffer overflow
[mjpeg @ 04f39240] vbv buffer overflow
[mjpeg @ 04f39240] vbv buffer overflow
[mjpeg @ 04f39240] vbv buffer overflow
[mjpeg @ 04f39240] vbv buffer overflow
[mjpeg @ 04f39240] vbv buffer overflow
[mjpeg @ 04f39240] vbv buffer overflow
[mjpeg @ 04f39240] vbv buffer overflow
[mjpeg @ 04f39240] vbv buffer overflow
[mjpeg @ 04f39240] vbv buffer overflow
[mjpeg @ 04f39240] vbv buffer overflow
[mjpeg @ 04f39240] vbv buffer overflow
[mjpeg @ 04f39240] vbv buffer overflow
[mjpeg @ 04f39240] vbv buffer overflow
[mjpeg @ 04f39240] vbv buffer overflow
[mjpeg @ 04f39240] vbv buffer overflow
[mjpeg @ 04f39240] vbv buffer overflow
[mjpeg @ 04f39240] vbv buffer overflow
[mjpeg @ 04f39240] vbv buffer overflow
[mjpeg @ 04f39240] vbv buffer overflow
[mjpeg @ 04f39240] vbv buffer overflow
[mjpeg @ 04f39240] vbv buffer overflow
[mjpeg @ 04f39240] vbv buffer overflow
[mjpeg @ 04f39240] vbv buffer overflow
[mjpeg @ 04f39240] vbv buffer overflow
[mjpeg @ 04f39240] vbv buffer overflow
[mjpeg @ 04f39240] vbv buffer overflow
[mjpeg @ 04f39240] vbv buffer overflow
[mjpeg @ 04f39240] vbv buffer overflow
[mjpeg @ 04f39240] vbv buffer overflow
[mjpeg @ 04f39240] vbv buffer overflow
[mjpeg @ 04f39240] vbv buffer overflow
[mjpeg @ 04f39240] vbv buffer overflow
[mjpeg @ 04f39240] vbv buffer overflow
[mjpeg @ 04f39240] vbv buffer overflow
[mjpeg @ 04f39240] vbv buffer overflow
[mjpeg @ 04f39240] vbv buffer overflow
[mjpeg @ 04f39240] vbv buffer overflow
[mjpeg @ 04f39240] vbv buffer overflow
[mjpeg @ 04f39240] vbv buffer overflow
[mjpeg @ 04f39240] vbv buffer overflow
[mjpeg @ 04f39240] vbv buffer overflow
[mjpeg @ 04f39240] vbv buffer overflow
[mjpeg @ 04f39240] vbv buffer overflow
[mjpeg @ 04f39240] vbv buffer overflow
[mjpeg @ 04f39240] vbv buffer overflow
[mjpeg @ 04f39240] vbv buffer overflow
[mjpeg @ 04f39240] vbv buffer overflow
[mjpeg @ 04f39240] vbv buffer overflow
[mjpeg @ 04f39240] vbv buffer overflow
[mjpeg @ 04f39240] vbv buffer overflow
[mjpeg @ 04f39240] vbv buffer overflow
[mjpeg @ 04f39240] vbv buffer overflow
[mjpeg @ 04f39240] vbv buffer overflow
[mjpeg @ 04f39240] vbv buffer overflow
[mjpeg @ 04f39240] vbv buffer overflow
[mjpeg @ 04f39240] vbv buffer overflow
[mjpeg @ 04f39240] vbv buffer overflow
[mjpeg @ 04f39240] vbv buffer overflow
[mjpeg @ 04f39240] vbv buffer overflow
[mjpeg @ 04f39240] vbv buffer overflow
[mjpeg @ 04f39240] vbv buffer overflow
[mjpeg @ 04f39240] vbv buffer overflow
[mjpeg @ 04f39240] vbv buffer overflow
[mjpeg @ 04f39240] vbv buffer overflow
[mjpeg @ 04f39240] vbv buffer overflow
[mjpeg @ 04f39240] vbv buffer overflow
[mjpeg @ 04f39240] vbv buffer overflow
[mjpeg @ 04f39240] vbv buffer overflow
[mjpeg @ 04f39240] vbv buffer overflow
[mjpeg @ 04f39240] vbv buffer overflow
[mjpeg @ 04f39240] vbv buffer overflow
[mjpeg @ 04f39240] vbv buffer overflow
[mjpeg @ 04f39240] vbv buffer overflow
[mjpeg @ 04f39240] vbv buffer overflow
[mjpeg @ 04f39240] vbv buffer overflow
[mjpeg @ 04f39240] vbv buffer overflow
[mjpeg @ 04f39240] vbv buffer overflow
[mjpeg @ 04f39240] vbv buffer overflow
[mjpeg @ 04f39240] vbv buffer overflow
[mjpeg @ 04f39240] vbv buffer overflow
[mjpeg @ 04f39240] vbv buffer overflow
[mjpeg @ 04f39240] vbv buffer overflow
[mjpeg @ 04f39240] vbv buffer overflow
[mjpeg @ 04f39240] vbv buffer overflow
[mjpeg @ 04f39240] vbv buffer overflow
[mjpeg @ 04f39240] vbv buffer overflow
[mjpeg @ 04f39240] vbv buffer overflow
[mjpeg @ 04f39240] vbv buffer overflow
[mjpeg @ 04f39240] vbv buffer overflow
[mjpeg @ 04f39240] vbv buffer overflow
[mjpeg @ 04f39240] vbv buffer overflow
[mjpeg @ 04f39240] vbv buffer overflow
[mjpeg @ 04f39240] vbv buffer overflow
[mjpeg @ 04f39240] vbv buffer overflow
[mjpeg @ 04f39240] vbv buffer overflow
[mjpeg @ 04f39240] vbv buffer overflow
[mjpeg @ 04f39240] vbv buffer overflow
[mjpeg @ 04f39240] vbv buffer overflow
[mjpeg @ 04f39240] vbv buffer overflow
[mjpeg @ 04f39240] vbv buffer overflow
[mjpeg @ 04f39240] vbv buffer overflow
[mjpeg @ 04f39240] vbv buffer overflow
[mjpeg @ 04f39240] vbv buffer overflow
[mjpeg @ 04f39240] vbv buffer overflow
[mjpeg @ 04f39240] vbv buffer overflow
[mjpeg @ 04f39240] vbv buffer overflow
[mjpeg @ 04f39240] vbv buffer overflow
[mjpeg @ 04f39240] vbv buffer overflow
[mjpeg @ 04f39240] vbv buffer overflow
[mjpeg @ 04f39240] vbv buffer overflow
[mjpeg @ 04f39240] vbv buffer overflow
[mjpeg @ 04f39240] vbv buffer overflow
[mjpeg @ 04f39240] vbv buffer overflow
[mjpeg @ 04f39240] vbv buffer overflow
[mjpeg @ 04f39240] vbv buffer overflow
[mjpeg @ 04f39240] vbv buffer overflow
[mjpeg @ 04f39240] vbv buffer overflow
[mjpeg @ 04f39240] vbv buffer overflow
[mjpeg @ 04f39240] vbv buffer overflow
[mjpeg @ 04f39240] vbv buffer overflow
[mjpeg @ 04f39240] vbv buffer overflow
[mjpeg @ 04f39240] vbv buffer overflow
[mjpeg @ 04f39240] vbv buffer overflow
[mjpeg @ 04f39240] vbv buffer overflow
[mjpeg @ 04f39240] vbv buffer overflow
[mjpeg @ 04f39240] vbv buffer overflow
[mjpeg @ 04f39240] vbv buffer overflow
[mjpeg @ 04f39240] vbv buffer overflow
[mjpeg @ 04f39240] vbv buffer overflow
[mjpeg @ 04f39240] vbv buffer overflow
[mjpeg @ 04f39240] vbv buffer overflow
[mjpeg @ 04f39240] vbv buffer overflow
[mjpeg @ 04f39240] vbv buffer overflow
[mjpeg @ 04f39240] vbv buffer overflow
[mjpeg @ 04f39240] vbv buffer overflow
[mjpeg @ 04f39240] vbv buffer overflow
[mjpeg @ 04f39240] vbv buffer overflow
[mjpeg @ 04f39240] vbv buffer overflow
[mjpeg @ 04f39240] vbv buffer overflow
[mjpeg @ 04f39240] vbv buffer overflow
[mjpeg @ 04f39240] vbv buffer overflow
[mjpeg @ 04f39240] vbv buffer overflow
[mjpeg @ 04f39240] vbv buffer overflow
[mjpeg @ 04f39240] vbv buffer overflow
[mjpeg @ 04f39240] vbv buffer overflow
[mjpeg @ 04f39240] vbv buffer overflow
[mjpeg @ 04f39240] vbv buffer overflow
[mjpeg @ 04f39240] vbv buffer overflow
[mjpeg @ 04f39240] vbv buffer overflow
[mjpeg @ 04f39240] vbv buffer overflow
[mjpeg @ 04f39240] vbv buffer overflow
[mjpeg @ 04f39240] vbv buffer overflow
[mjpeg @ 04f39240] vbv buffer overflow
[mjpeg @ 04f39240] vbv buffer overflow
[mjpeg @ 04f39240] vbv buffer overflow
[mjpeg @ 04f39240] vbv buffer overflow
[mjpeg @ 04f39240] vbv buffer overflow
[mjpeg @ 04f39240] vbv buffer overflow
[mjpeg @ 04f39240] vbv buffer overflow
[mjpeg @ 04f39240] vbv buffer overflow
[mjpeg @ 04f39240] vbv buffer overflow
[mjpeg @ 04f39240] vbv buffer overflow
[mjpeg @ 04f39240] vbv buffer overflow
[mjpeg @ 04f39240] vbv buffer overflow
[mjpeg @ 04f39240] vbv buffer overflow
[mjpeg @ 04f39240] vbv buffer overflow
[mjpeg @ 04f39240] vbv buffer overflow
[mjpeg @ 04f39240] vbv buffer overflow
[mjpeg @ 04f39240] vbv buffer overflow
[mjpeg @ 04f39240] vbv buffer overflow
[mjpeg @ 04f39240] vbv buffer overflow
[mjpeg @ 04f39240] vbv buffer overflow
[mjpeg @ 04f39240] vbv buffer overflow
[mjpeg @ 04f39240] vbv buffer overflow
[mjpeg @ 04f39240] vbv buffer overflow
[mjpeg @ 04f39240] vbv buffer overflow
[mjpeg @ 04f39240] vbv buffer overflow
[mjpeg @ 04f39240] vbv buffer overflow
[mjpeg @ 04f39240] vbv buffer overflow
[mjpeg @ 04f39240] vbv buffer overflow
[mjpeg @ 04f39240] vbv buffer overflow
[mjpeg @ 04f39240] vbv buffer overflow
[mjpeg @ 04f39240] vbv buffer overflow
[mjpeg @ 04f39240] vbv buffer overflow
[mjpeg @ 04f39240] vbv buffer overflow
[mjpeg @ 04f39240] vbv buffer overflow
[mjpeg @ 04f39240] vbv buffer overflow
[mjpeg @ 04f39240] vbv buffer overflow
[mjpeg @ 04f39240] vbv buffer overflow
[mjpeg @ 04f39240] vbv buffer overflow
[mjpeg @ 04f39240] vbv buffer overflow
[mjpeg @ 04f39240] vbv buffer overflow
[mjpeg @ 04f39240] vbv buffer overflow
[mjpeg @ 04f39240] vbv buffer overflow
[mjpeg @ 04f39240] vbv buffer overflow
[mjpeg @ 04f39240] vbv buffer overflow
[mjpeg @ 04f39240] vbv buffer overflow
[mjpeg @ 04f39240] vbv buffer overflow
[mjpeg @ 04f39240] vbv buffer overflow
[mjpeg @ 04f39240] vbv buffer overflow
[mjpeg @ 04f39240] vbv buffer overflow
[mjpeg @ 04f39240] vbv buffer overflow
[mjpeg @ 04f39240] vbv buffer overflow
[mjpeg @ 04f39240] vbv buffer overflow
[mjpeg @ 04f39240] vbv buffer overflow
[mjpeg @ 04f39240] vbv buffer overflow
[mjpeg @ 04f39240] vbv buffer overflow
[mjpeg @ 04f39240] vbv buffer overflow
[mjpeg @ 04f39240] vbv buffer overflow
[mjpeg @ 04f39240] vbv buffer overflow
[mjpeg @ 04f39240] vbv buffer overflow
[mjpeg @ 04f39240] vbv buffer overflow
[mjpeg @ 04f39240] vbv buffer overflow
[mjpeg @ 04f39240] vbv buffer overflow
[mjpeg @ 04f39240] vbv buffer overflow
[mjpeg @ 04f39240] vbv buffer overflow
[mjpeg @ 04f39240] vbv buffer overflow
[mjpeg @ 04f39240] vbv buffer overflow
[mjpeg @ 04f39240] vbv buffer overflow
[mjpeg @ 04f39240] vbv buffer overflow
[mjpeg @ 04f39240] vbv buffer overflow
[mjpeg @ 04f39240] vbv buffer overflow
[mjpeg @ 04f39240] vbv buffer overflow
[mjpeg @ 04f39240] vbv buffer overflow
[mjpeg @ 04f39240] vbv buffer overflow
[mjpeg @ 04f39240] vbv buffer overflow
[mjpeg @ 04f39240] vbv buffer overflow
[mjpeg @ 04f39240] vbv buffer overflow
[mjpeg @ 04f39240] vbv buffer overflow
[mjpeg @ 04f39240] vbv buffer overflow
[mjpeg @ 04f39240] vbv buffer overflow
[mjpeg @ 04f39240] vbv buffer overflow
[mjpeg @ 04f39240] vbv buffer overflow
[mjpeg @ 04f39240] vbv buffer overflow
[mjpeg @ 04f39240] vbv buffer overflow
[mjpeg @ 04f39240] vbv buffer overflow
[mjpeg @ 04f39240] vbv buffer overflow
[mjpeg @ 04f39240] vbv buffer overflow
[mjpeg @ 04f39240] vbv buffer overflow
[mjpeg @ 04f39240] vbv buffer overflow
[mjpeg @ 04f39240] vbv buffer overflow
[mjpeg @ 04f39240] vbv buffer overflow
[mjpeg @ 04f39240] vbv buffer overflow
[mjpeg @ 04f39240] vbv buffer overflow
[mjpeg @ 04f39240] vbv buffer overflow
[mjpeg @ 04f39240] vbv buffer overflow
[mjpeg @ 04f39240] vbv buffer overflow
[mjpeg @ 04f39240] vbv buffer overflow
[mjpeg @ 04f39240] vbv buffer overflow
[mjpeg @ 04f39240] vbv buffer overflow
[mjpeg @ 04f39240] vbv buffer overflow
[mjpeg @ 04f39240] vbv buffer overflow
[mjpeg @ 04f39240] vbv buffer overflow
[mjpeg @ 04f39240] vbv buffer overflow
[mjpeg @ 04f39240] vbv buffer overflow
[mjpeg @ 04f39240] vbv buffer overflow
[mjpeg @ 04f39240] vbv buffer overflow
[mjpeg @ 04f39240] vbv buffer overflow
[mjpeg @ 04f39240] vbv buffer overflow
[mjpeg @ 04f39240] vbv buffer overflow
[mjpeg @ 04f39240] vbv buffer overflow
[mjpeg @ 04f39240] vbv buffer overflow
[mjpeg @ 04f39240] vbv buffer overflow
[mjpeg @ 04f39240] vbv buffer overflow
[mjpeg @ 04f39240] vbv buffer overflow
[mjpeg @ 04f39240] vbv buffer overflow
[mjpeg @ 04f39240] vbv buffer overflow
[mjpeg @ 04f39240] vbv buffer overflow
[mjpeg @ 04f39240] vbv buffer overflow
[mjpeg @ 04f39240] vbv buffer overflow
[mjpeg @ 04f39240] vbv buffer overflow
[mjpeg @ 04f39240] vbv buffer overflow
[mjpeg @ 04f39240] vbv buffer overflow
[mjpeg @ 04f39240] vbv buffer overflow
[mjpeg @ 04f39240] vbv buffer overflow
[mjpeg @ 04f39240] vbv buffer overflow
[mjpeg @ 04f39240] vbv buffer overflow
[mjpeg @ 04f39240] vbv buffer overflow
[mjpeg @ 04f39240] vbv buffer overflow
[mjpeg @ 04f39240] vbv buffer overflow
[mjpeg @ 04f39240] vbv buffer overflow
[mjpeg @ 04f39240] vbv buffer overflow
[mjpeg @ 04f39240] vbv buffer overflow
[mjpeg @ 04f39240] vbv buffer overflow
[mjpeg @ 04f39240] vbv buffer overflow
[mjpeg @ 04f39240] vbv buffer overflow
[mjpeg @ 04f39240] vbv buffer overflow
[mjpeg @ 04f39240] vbv buffer overflow
[mjpeg @ 04f39240] vbv buffer overflow
[mjpeg @ 04f39240] vbv buffer overflow
[mjpeg @ 04f39240] vbv buffer overflow
[mjpeg @ 04f39240] vbv buffer overflow
[mjpeg @ 04f39240] vbv buffer overflow
[mjpeg @ 04f39240] vbv buffer overflow
[mjpeg @ 04f39240] vbv buffer overflow
[mjpeg @ 04f39240] vbv buffer overflow
[mjpeg @ 04f39240] vbv buffer overflow
[mjpeg @ 04f39240] vbv buffer overflow
[mjpeg @ 04f39240] vbv buffer overflow
[mjpeg @ 04f39240] vbv buffer overflow
[mjpeg @ 04f39240] vbv buffer overflow
[mjpeg @ 04f39240] vbv buffer overflow
[mjpeg @ 04f39240] vbv buffer overflow
[mjpeg @ 04f39240] vbv buffer overflow
[mjpeg @ 04f39240] vbv buffer overflow
[mjpeg @ 04f39240] vbv buffer overflow
[mjpeg @ 04f39240] vbv buffer overflow
[mjpeg @ 04f39240] vbv buffer overflow
[mjpeg @ 04f39240] vbv buffer overflow
[mjpeg @ 04f39240] vbv buffer overflow
[mjpeg @ 04f39240] vbv buffer overflow
[mjpeg @ 04f39240] vbv buffer overflow
[mjpeg @ 04f39240] vbv buffer overflow
[mjpeg @ 04f39240] vbv buffer overflow
[mjpeg @ 04f39240] vbv buffer overflow
[mjpeg @ 04f39240] vbv buffer overflow
[mjpeg @ 04f39240] vbv buffer overflow
[mjpeg @ 04f39240] vbv buffer overflow
[mjpeg @ 04f39240] vbv buffer overflow
[mjpeg @ 04f39240] vbv buffer overflow
[mjpeg @ 04f39240] vbv buffer overflow
[mjpeg @ 04f39240] vbv buffer overflow
[mjpeg @ 04f39240] vbv buffer overflow
[mjpeg @ 04f39240] vbv buffer overflow
[mjpeg @ 04f39240] vbv buffer overflow
[mjpeg @ 04f39240] vbv buffer overflow
[mjpeg @ 04f39240] vbv buffer overflow
[mjpeg @ 04f39240] vbv buffer overflow
[mjpeg @ 04f39240] vbv buffer overflow
[mjpeg @ 04f39240] vbv buffer overflow
[mjpeg @ 04f39240] vbv buffer overflow
[mjpeg @ 04f39240] vbv buffer overflow
[mjpeg @ 04f39240] vbv buffer overflow
[mjpeg @ 04f39240] vbv buffer overflow
[mjpeg @ 04f39240] vbv buffer overflow
[mjpeg @ 04f39240] vbv buffer overflow
[mjpeg @ 04f39240] vbv buffer overflow
[mjpeg @ 04f39240] vbv buffer overflow
[mjpeg @ 04f39240] vbv buffer overflow
[mjpeg @ 04f39240] vbv buffer overflow
[mjpeg @ 04f39240] vbv buffer overflow
[mjpeg @ 04f39240] vbv buffer overflow
[mjpeg @ 04f39240] vbv buffer overflow
[mjpeg @ 04f39240] vbv buffer overflow
[mjpeg @ 04f39240] vbv buffer overflow
[mjpeg @ 04f39240] vbv buffer overflow
[mjpeg @ 04f39240] vbv buffer overflow
[mjpeg @ 04f39240] vbv buffer overflow
[mjpeg @ 04f39240] vbv buffer overflow
[mjpeg @ 04f39240] vbv buffer overflow
[mjpeg @ 04f39240] vbv buffer overflow
[mjpeg @ 04f39240] vbv buffer overflow
[mjpeg @ 04f39240] vbv buffer overflow
[mjpeg @ 04f39240] vbv buffer overflow
[mjpeg @ 04f39240] vbv buffer overflow
[mjpeg @ 04f39240] vbv buffer overflow
[mjpeg @ 04f39240] vbv buffer overflow
[mjpeg @ 04f39240] vbv buffer overflow
[mjpeg @ 04f39240] vbv buffer overflow
[mjpeg @ 04f39240] vbv buffer overflow
[mjpeg @ 04f39240] vbv buffer overflow
[mjpeg @ 04f39240] vbv buffer overflow
[mjpeg @ 04f39240] vbv buffer overflow
[mjpeg @ 04f39240] vbv buffer overflow
[mjpeg @ 04f39240] vbv buffer overflow
[mjpeg @ 04f39240] vbv buffer overflow
[mjpeg @ 04f39240] vbv buffer overflow
[mjpeg @ 04f39240] vbv buffer overflow
[mjpeg @ 04f39240] vbv buffer overflow
[mjpeg @ 04f39240] vbv buffer overflow
[mjpeg @ 04f39240] vbv buffer overflow
[mjpeg @ 04f39240] vbv buffer overflow
[mjpeg @ 04f39240] vbv buffer overflow
[mjpeg @ 04f39240] vbv buffer overflow
[mjpeg @ 04f39240] vbv buffer overflow
[mjpeg @ 04f39240] vbv buffer overflow
[mjpeg @ 04f39240] vbv buffer overflow
[mjpeg @ 04f39240] vbv buffer overflow
[mjpeg @ 04f39240] vbv buffer overflow
[mjpeg @ 04f39240] vbv buffer overflow
[mjpeg @ 04f39240] vbv buffer overflow
[mjpeg @ 04f39240] vbv buffer overflow
[mjpeg @ 04f39240] vbv buffer overflow
[mjpeg @ 04f39240] vbv buffer overflow
[mjpeg @ 04f39240] vbv buffer overflow
[mjpeg @ 04f39240] vbv buffer overflow
[mjpeg @ 04f39240] vbv buffer overflow
[mjpeg @ 04f39240] vbv buffer overflow
[mjpeg @ 04f39240] vbv buffer overflow
[mjpeg @ 04f39240] vbv buffer overflow
[mjpeg @ 04f39240] vbv buffer overflow
[mjpeg @ 04f39240] vbv buffer overflow
[mjpeg @ 04f39240] vbv buffer overflow
[mjpeg @ 04f39240] vbv buffer overflow
[mjpeg @ 04f39240] vbv buffer overflow
[mjpeg @ 04f39240] vbv buffer overflow
[mjpeg @ 04f39240] vbv buffer overflow
[mjpeg @ 04f39240] vbv buffer overflow
[mjpeg @ 04f39240] vbv buffer overflow
[mjpeg @ 04f39240] vbv buffer overflow
[mjpeg @ 04f39240] vbv buffer overflow
[mjpeg @ 04f39240] vbv buffer overflow
[mjpeg @ 04f39240] vbv buffer overflow
[mjpeg @ 04f39240] vbv buffer overflow
[mjpeg @ 04f39240] vbv buffer overflow
[mjpeg @ 04f39240] vbv buffer overflow
[mjpeg @ 04f39240] vbv buffer overflow
[mjpeg @ 04f39240] vbv buffer overflow
[mjpeg @ 04f39240] vbv buffer overflow
[mjpeg @ 04f39240] vbv buffer overflow
[mjpeg @ 04f39240] vbv buffer overflow
[mjpeg @ 04f39240] vbv buffer overflow
[mjpeg @ 04f39240] vbv buffer overflow
[mjpeg @ 04f39240] vbv buffer overflow
[mjpeg @ 04f39240] vbv buffer overflow
[mjpeg @ 04f39240] vbv buffer overflow
[mjpeg @ 04f39240] vbv buffer overflow
[mjpeg @ 04f39240] vbv buffer overflow
[mjpeg @ 04f39240] vbv buffer overflow
[mjpeg @ 04f39240] vbv buffer overflow
[mjpeg @ 04f39240] vbv buffer overflow
[mjpeg @ 04f39240] vbv buffer overflow
[mjpeg @ 04f39240] vbv buffer overflow
[mjpeg @ 04f39240] vbv buffer overflow
[mjpeg @ 04f39240] vbv buffer overflow
[mjpeg @ 04f39240] vbv buffer overflow
[mjpeg @ 04f39240] vbv buffer overflow
[mjpeg @ 04f39240] vbv buffer overflow
[mjpeg @ 04f39240] vbv buffer overflow
[mjpeg @ 04f39240] vbv buffer overflow
[mjpeg @ 04f39240] vbv buffer overflow
[mjpeg @ 04f39240] vbv buffer overflow
[mjpeg @ 04f39240] vbv buffer overflow
[mjpeg @ 04f39240] vbv buffer overflow
[mjpeg @ 04f39240] vbv buffer overflow
[mjpeg @ 04f39240] vbv buffer overflow
[mjpeg @ 04f39240] vbv buffer overflow
[mjpeg @ 04f39240] vbv buffer overflow
[mjpeg @ 04f39240] vbv buffer overflow
[mjpeg @ 04f39240] vbv buffer overflow
[mjpeg @ 04f39240] vbv buffer overflow
[mjpeg @ 04f39240] vbv buffer overflow
[mjpeg @ 04f39240] vbv buffer overflow
[mjpeg @ 04f39240] vbv buffer overflow
[mjpeg @ 04f39240] vbv buffer overflow
[mjpeg @ 04f39240] vbv buffer overflow
[mjpeg @ 04f39240] vbv buffer overflow
[mjpeg @ 04f39240] vbv buffer overflow
[mjpeg @ 04f39240] vbv buffer overflow
[mjpeg @ 04f39240] vbv buffer overflow
[mjpeg @ 04f39240] vbv buffer overflow
[mjpeg @ 04f39240] vbv buffer overflow
[mjpeg @ 04f39240] vbv buffer overflow
[mjpeg @ 04f39240] vbv buffer overflow
[mjpeg @ 04f39240] vbv buffer overflow
[mjpeg @ 04f39240] vbv buffer overflow
[mjpeg @ 04f39240] vbv buffer overflow
[mjpeg @ 04f39240] vbv buffer overflow
[mjpeg @ 04f39240] vbv buffer overflow
[mjpeg @ 04f39240] vbv buffer overflow
[mjpeg @ 04f39240] vbv buffer overflow
[mjpeg @ 04f39240] vbv buffer overflow
[mjpeg @ 04f39240] vbv buffer overflow
[mjpeg @ 04f39240] vbv buffer overflow
[mjpeg @ 04f39240] vbv buffer overflow
[mjpeg @ 04f39240] vbv buffer overflow
[mjpeg @ 04f39240] vbv buffer overflow
[mjpeg @ 04f39240] vbv buffer overflow
[mjpeg @ 04f39240] vbv buffer overflow
[mjpeg @ 04f39240] vbv buffer overflow
[mjpeg @ 04f39240] vbv buffer overflow
[mjpeg @ 04f39240] vbv buffer overflow
[mjpeg @ 04f39240] vbv buffer overflow
[mjpeg @ 04f39240] vbv buffer overflow
[mjpeg @ 04f39240] vbv buffer overflow
[mjpeg @ 04f39240] vbv buffer overflow
[mjpeg @ 04f39240] vbv buffer overflow
[mjpeg @ 04f39240] vbv buffer overflow
[mjpeg @ 04f39240] vbv buffer overflow
[mjpeg @ 04f39240] vbv buffer overflow
[mjpeg @ 04f39240] vbv buffer overflow
[mjpeg @ 04f39240] vbv buffer overflow
[mjpeg @ 04f39240] vbv buffer overflow
[mjpeg @ 04f39240] vbv buffer overflow
[mjpeg @ 04f39240] vbv buffer overflow
[mjpeg @ 04f39240] vbv buffer overflow
[mjpeg @ 04f39240] vbv buffer overflow
[mjpeg @ 04f39240] vbv buffer overflow
[mjpeg @ 04f39240] vbv buffer overflow
[mjpeg @ 04f39240] vbv buffer overflow
[mjpeg @ 04f39240] vbv buffer overflow
[mjpeg @ 04f39240] vbv buffer overflow
[mjpeg @ 04f39240] vbv buffer overflow
[mjpeg @ 04f39240] vbv buffer overflow
[mjpeg @ 04f39240] vbv buffer overflow
[mjpeg @ 04f39240] vbv buffer overflow
[mjpeg @ 04f39240] vbv buffer overflow
[mjpeg @ 04f39240] vbv buffer overflow
[mjpeg @ 04f39240] vbv buffer overflow
[mjpeg @ 04f39240] vbv buffer overflow
[mjpeg @ 04f39240] vbv buffer overflow
[mjpeg @ 04f39240] vbv buffer overflow
[mjpeg @ 04f39240] vbv buffer overflow
[mjpeg @ 04f39240] vbv buffer overflow
[mjpeg @ 04f39240] vbv buffer overflow
[mjpeg @ 04f39240] vbv buffer overflow
[mjpeg @ 04f39240] vbv buffer overflow
[mjpeg @ 04f39240] vbv buffer overflow
[mjpeg @ 04f39240] vbv buffer overflow
[mjpeg @ 04f39240] vbv buffer overflow
[mjpeg @ 04f39240] vbv buffer overflow
[mjpeg @ 04f39240] vbv buffer overflow
[mjpeg @ 04f39240] vbv buffer overflow
[mjpeg @ 04f39240] vbv buffer overflow
[mjpeg @ 04f39240] vbv buffer overflow
[mjpeg @ 04f39240] vbv buffer overflow
[mjpeg @ 04f39240] vbv buffer overflow
[mjpeg @ 04f39240] vbv buffer overflow
[mjpeg @ 04f39240] vbv buffer overflow
[mjpeg @ 04f39240] vbv buffer overflow
[mjpeg @ 04f39240] vbv buffer overflow
[mjpeg @ 04f39240] vbv buffer overflow
[mjpeg @ 04f39240] vbv buffer overflow
[mjpeg @ 04f39240] vbv buffer overflow
[mjpeg @ 04f39240] vbv buffer overflow
[mjpeg @ 04f39240] vbv buffer overflow
[mjpeg @ 04f39240] vbv buffer overflow
[mjpeg @ 04f39240] vbv buffer overflow
[mjpeg @ 04f39240] vbv buffer overflow
[mjpeg @ 04f39240] vbv buffer overflow
[mjpeg @ 04f39240] vbv buffer overflow
[mjpeg @ 04f39240] vbv buffer overflow
[mjpeg @ 04f39240] vbv buffer overflow
[mjpeg @ 04f39240] vbv buffer overflow
[mjpeg @ 04f39240] vbv buffer overflow
[mjpeg @ 04f39240] vbv buffer overflow
[mjpeg @ 04f39240] vbv buffer overflow
[mjpeg @ 04f39240] vbv buffer overflow
[mjpeg @ 04f39240] vbv buffer overflow
[mjpeg @ 04f39240] vbv buffer overflow
[mjpeg @ 04f39240] vbv buffer overflow
[mjpeg @ 04f39240] vbv buffer overflow
[mjpeg @ 04f39240] vbv buffer overflow
[mjpeg @ 04f39240] vbv buffer overflow
[mjpeg @ 04f39240] vbv buffer overflow
[mjpeg @ 04f39240] vbv buffer overflow
[mjpeg @ 04f39240] vbv buffer overflow
[mjpeg @ 04f39240] vbv buffer overflow
[mjpeg @ 04f39240] vbv buffer overflow
[mjpeg @ 04f39240] vbv buffer overflow
[mjpeg @ 04f39240] vbv buffer overflow
[mjpeg @ 04f39240] vbv buffer overflow
[mjpeg @ 04f39240] vbv buffer overflow
[mjpeg @ 04f39240] vbv buffer overflow
[mjpeg @ 04f39240] vbv buffer overflow
[mjpeg @ 04f39240] vbv buffer overflow
[mjpeg @ 04f39240] vbv buffer overflow
[mjpeg @ 04f39240] vbv buffer overflow
[mjpeg @ 04f39240] vbv buffer overflow
[mjpeg @ 04f39240] vbv buffer overflow
[mjpeg @ 04f39240] vbv buffer overflow
[mjpeg @ 04f39240] vbv buffer overflow
[mjpeg @ 04f39240] vbv buffer overflow
[mjpeg @ 04f39240] vbv buffer overflow
[mjpeg @ 04f39240] vbv buffer overflow
[mjpeg @ 04f39240] vbv buffer overflow
[mjpeg @ 04f39240] vbv buffer overflow
[mjpeg @ 04f39240] vbv buffer overflow
[mjpeg @ 04f39240] vbv buffer overflow
[mjpeg @ 04f39240] vbv buffer overflow
[mjpeg @ 04f39240] vbv buffer overflow
[mjpeg @ 04f39240] vbv buffer overflow
[mjpeg @ 04f39240] vbv buffer overflow
[mjpeg @ 04f39240] vbv buffer overflow
[mjpeg @ 04f39240] vbv buffer overflow
[mjpeg @ 04f39240] vbv buffer overflow
[mjpeg @ 04f39240] vbv buffer overflow
[mjpeg @ 04f39240] vbv buffer overflow
[mjpeg @ 04f39240] vbv buffer overflow
[mjpeg @ 04f39240] vbv buffer overflow
[mjpeg @ 04f39240] vbv buffer overflow
[mjpeg @ 04f39240] vbv buffer overflow
[mjpeg @ 04f39240] vbv buffer overflow
[mjpeg @ 04f39240] vbv buffer overflow
[mjpeg @ 04f39240] vbv buffer overflow
[mjpeg @ 04f39240] vbv buffer overflow
[mjpeg @ 04f39240] vbv buffer overflow
[mjpeg @ 04f39240] vbv buffer overflow
[mjpeg @ 04f39240] vbv buffer overflow
[mjpeg @ 04f39240] vbv buffer overflow
[mjpeg @ 04f39240] vbv buffer overflow
[mjpeg @ 04f39240] vbv buffer overflow
[mjpeg @ 04f39240] vbv buffer overflow
[mjpeg @ 04f39240] vbv buffer overflow
[mjpeg @ 04f39240] vbv buffer overflow
[mjpeg @ 04f39240] vbv buffer overflow
[mjpeg @ 04f39240] vbv buffer overflow
[mjpeg @ 04f39240] vbv buffer overflow
[mjpeg @ 04f39240] vbv buffer overflow
[mjpeg @ 04f39240] vbv buffer overflow
[mjpeg @ 04f39240] vbv buffer overflow
[mjpeg @ 04f39240] vbv buffer overflow
[mjpeg @ 04f39240] vbv buffer overflow
[mjpeg @ 04f39240] vbv buffer overflow
[mjpeg @ 04f39240] vbv buffer overflow
[mjpeg @ 04f39240] vbv buffer overflow
[mjpeg @ 04f39240] vbv buffer overflow
[mjpeg @ 04f39240] vbv buffer overflow
[mjpeg @ 04f39240] vbv buffer overflow
[mjpeg @ 04f39240] vbv buffer overflow
[mjpeg @ 04f39240] vbv buffer overflow
[mjpeg @ 04f39240] vbv buffer overflow
[mjpeg @ 04f39240] vbv buffer overflow
[mjpeg @ 04f39240] vbv buffer overflow
[mjpeg @ 04f39240] vbv buffer overflow
[mjpeg @ 04f39240] vbv buffer overflow
[mjpeg @ 04f39240] vbv buffer overflow
[mjpeg @ 04f39240] vbv buffer overflow
[mjpeg @ 04f39240] vbv buffer overflow
[mjpeg @ 04f39240] vbv buffer overflow
[mjpeg @ 04f39240] vbv buffer overflow
[mjpeg @ 04f39240] vbv buffer overflow
[mjpeg @ 04f39240] vbv buffer overflow
[mjpeg @ 04f39240] vbv buffer overflow
[mjpeg @ 04f39240] vbv buffer overflow
[mjpeg @ 04f39240] vbv buffer overflow
[mjpeg @ 04f39240] vbv buffer overflow
[mjpeg @ 04f39240] vbv buffer overflow
[mjpeg @ 04f39240] vbv buffer overflow
[mjpeg @ 04f39240] vbv buffer overflow
[mjpeg @ 04f39240] vbv buffer overflow
[mjpeg @ 04f39240] vbv buffer overflow
[mjpeg @ 04f39240] vbv buffer overflow
[mjpeg @ 04f39240] vbv buffer overflow
[mjpeg @ 04f39240] vbv buffer overflow
[mjpeg @ 04f39240] vbv buffer overflow
[mjpeg @ 04f39240] vbv buffer overflow
[mjpeg @ 04f39240] vbv buffer overflow
[mjpeg @ 04f39240] vbv buffer overflow
[mjpeg @ 04f39240] vbv buffer overflow
[mjpeg @ 04f39240] vbv buffer overflow
[mjpeg @ 04f39240] vbv buffer overflow
[mjpeg @ 04f39240] vbv buffer overflow
[mjpeg @ 04f39240] vbv buffer overflow
[mjpeg @ 04f39240] vbv buffer overflow
[mjpeg @ 04f39240] vbv buffer overflow
[mjpeg @ 04f39240] vbv buffer overflow
[mjpeg @ 04f39240] vbv buffer overflow
[mjpeg @ 04f39240] vbv buffer overflow
[mjpeg @ 04f39240] vbv buffer overflow
[mjpeg @ 04f39240] vbv buffer overflow
[mjpeg @ 04f39240] vbv buffer overflow
[mjpeg @ 04f39240] vbv buffer overflow
[mjpeg @ 04f39240] vbv buffer overflow
[mjpeg @ 04f39240] vbv buffer overflow
[mjpeg @ 04f39240] vbv buffer overflow
[mjpeg @ 04f39240] vbv buffer overflow
[mjpeg @ 04f39240] vbv buffer overflow
[mjpeg @ 04f39240] vbv buffer overflow
[mjpeg @ 04f39240] vbv buffer overflow
[mjpeg @ 04f39240] vbv buffer overflow
[mjpeg @ 04f39240] vbv buffer overflow
[mjpeg @ 04f39240] vbv buffer overflow
[mjpeg @ 04f39240] vbv buffer overflow
[mjpeg @ 04f39240] vbv buffer overflow
[mjpeg @ 04f39240] vbv buffer overflow
[mjpeg @ 04f39240] vbv buffer overflow
[mjpeg @ 04f39240] vbv buffer overflow
[mjpeg @ 04f39240] vbv buffer overflow
[mjpeg @ 04f39240] vbv buffer overflow
[mjpeg @ 04f39240] vbv buffer overflow
[mjpeg @ 04f39240] vbv buffer overflow
[mjpeg @ 04f39240] vbv buffer overflow
[mjpeg @ 04f39240] vbv buffer overflow
[mjpeg @ 04f39240] vbv buffer overflow
[mjpeg @ 04f39240] vbv buffer overflow
[mjpeg @ 04f39240] vbv buffer overflow
[mjpeg @ 04f39240] vbv buffer overflow
[mjpeg @ 04f39240] vbv buffer overflow
[mjpeg @ 04f39240] vbv buffer overflow
[mjpeg @ 04f39240] vbv buffer overflow
[mjpeg @ 04f39240] vbv buffer overflow
[mjpeg @ 04f39240] vbv buffer overflow
[mjpeg @ 04f39240] vbv buffer overflow
[mjpeg @ 04f39240] vbv buffer overflow
[mjpeg @ 04f39240] vbv buffer overflow
[mjpeg @ 04f39240] vbv buffer overflow
[mjpeg @ 04f39240] vbv buffer overflow
[mjpeg @ 04f39240] vbv buffer overflow
[mjpeg @ 04f39240] vbv buffer overflow
[mjpeg @ 04f39240] vbv buffer overflow
[mjpeg @ 04f39240] vbv buffer overflow
[mjpeg @ 04f39240] vbv buffer overflow
[mjpeg @ 04f39240] vbv buffer overflow
[mjpeg @ 04f39240] vbv buffer overflow
[mjpeg @ 04f39240] vbv buffer overflow
[mjpeg @ 04f39240] vbv buffer overflow
[mjpeg @ 04f39240] vbv buffer overflow
[mjpeg @ 04f39240] vbv buffer overflow
[mjpeg @ 04f39240] vbv buffer overflow
[mjpeg @ 04f39240] vbv buffer overflow
[mjpeg @ 04f39240] vbv buffer overflow
[mjpeg @ 04f39240] vbv buffer overflow
[mjpeg @ 04f39240] vbv buffer overflow
[mjpeg @ 04f39240] vbv buffer overflow
[mjpeg @ 04f39240] vbv buffer overflow
[mjpeg @ 04f39240] vbv buffer overflow
[mjpeg @ 04f39240] vbv buffer overflow
[mjpeg @ 04f39240] vbv buffer overflow
[mjpeg @ 04f39240] vbv buffer overflow
[mjpeg @ 04f39240] vbv buffer overflow
[mjpeg @ 04f39240] vbv buffer overflow
[mjpeg @ 04f39240] vbv buffer overflow
[mjpeg @ 04f39240] vbv buffer overflow
[mjpeg @ 04f39240] vbv buffer overflow
[mjpeg @ 04f39240] vbv buffer overflow
[mjpeg @ 04f39240] vbv buffer overflow
[mjpeg @ 04f39240] vbv buffer overflow
[mjpeg @ 04f39240] vbv buffer overflow
[mjpeg @ 04f39240] vbv buffer overflow
[mjpeg @ 04f39240] vbv buffer overflow
[mjpeg @ 04f39240] vbv buffer overflow
[mjpeg @ 04f39240] vbv buffer overflow
[mjpeg @ 04f39240] vbv buffer overflow
[mjpeg @ 04f39240] vbv buffer overflow
[mjpeg @ 04f39240] vbv buffer overflow
[mjpeg @ 04f39240] vbv buffer overflow
[mjpeg @ 04f39240] vbv buffer overflow
[mjpeg @ 04f39240] vbv buffer overflow
[mjpeg @ 04f39240] vbv buffer overflow
[mjpeg @ 04f39240] vbv buffer overflow
[mjpeg @ 04f39240] vbv buffer overflow
[mjpeg @ 04f39240] vbv buffer overflow
[mjpeg @ 04f39240] vbv buffer overflow
[mjpeg @ 04f39240] vbv buffer overflow
[mjpeg @ 04f39240] vbv buffer overflow
[mjpeg @ 04f39240] vbv buffer overflow
[mjpeg @ 04f39240] vbv buffer overflow
[mjpeg @ 04f39240] vbv buffer overflow
[mjpeg @ 04f39240] vbv buffer overflow
[mjpeg @ 04f39240] vbv buffer overflow
[mjpeg @ 04f39240] vbv buffer overflow
[mjpeg @ 04f39240] vbv buffer overflow
[mjpeg @ 04f39240] vbv buffer overflow
[mjpeg @ 04f39240] vbv buffer overflow
[mjpeg @ 04f39240] vbv buffer overflow
[mjpeg @ 04f39240] vbv buffer overflow
[mjpeg @ 04f39240] vbv buffer overflow
[mjpeg @ 04f39240] vbv buffer overflow
[mjpeg @ 04f39240] vbv buffer overflow
[mjpeg @ 04f39240] vbv buffer overflow
[mjpeg @ 04f39240] vbv buffer overflow
[mjpeg @ 04f39240] vbv buffer overflow
[mjpeg @ 04f39240] vbv buffer overflow
[mjpeg @ 04f39240] vbv buffer overflow
[mjpeg @ 04f39240] vbv buffer overflow
[mjpeg @ 04f39240] vbv buffer overflow
[mjpeg @ 04f39240] vbv buffer overflow
[mjpeg @ 04f39240] vbv buffer overflow
[mjpeg @ 04f39240] vbv buffer overflow
[mjpeg @ 04f39240] vbv buffer overflow
[mjpeg @ 04f39240] vbv buffer overflow
[mjpeg @ 04f39240] vbv buffer overflow
[mjpeg @ 04f39240] vbv buffer overflow
[mjpeg @ 04f39240] vbv buffer overflow
[mjpeg @ 04f39240] vbv buffer overflow
[mjpeg @ 04f39240] vbv buffer overflow
[mjpeg @ 04f39240] vbv buffer overflow
[mjpeg @ 04f39240] vbv buffer overflow
[mjpeg @ 04f39240] vbv buffer overflow
[mjpeg @ 04f39240] vbv buffer overflow
[mjpeg @ 04f39240] vbv buffer overflow
[mjpeg @ 04f39240] vbv buffer overflow
[mjpeg @ 04f39240] vbv buffer overflow
[mjpeg @ 04f39240] vbv buffer overflow
[mjpeg @ 04f39240] vbv buffer overflow
[mjpeg @ 04f39240] vbv buffer overflow
[mjpeg @ 04f39240] vbv buffer overflow
[mjpeg @ 04f39240] vbv buffer overflow
[mjpeg @ 04f39240] vbv buffer overflow
[mjpeg @ 04f39240] vbv buffer overflow
[mjpeg @ 04f39240] vbv buffer overflow
[mjpeg @ 04f39240] vbv buffer overflow
[mjpeg @ 04f39240] vbv buffer overflow
[mjpeg @ 04f39240] vbv buffer overflow
[mjpeg @ 04f39240] vbv buffer overflow
[mjpeg @ 04f39240] vbv buffer overflow
[mjpeg @ 04f39240] vbv buffer overflow
[mjpeg @ 04f39240] vbv buffer overflow
[mjpeg @ 04f39240] vbv buffer overflow
[mjpeg @ 04f39240] vbv buffer overflow
[mjpeg @ 04f39240] vbv buffer overflow
[mjpeg @ 04f39240] vbv buffer overflow
[mjpeg @ 04f39240] vbv buffer overflow
[mjpeg @ 04f39240] vbv buffer overflow
[mjpeg @ 04f39240] vbv buffer overflow
[mjpeg @ 04f39240] vbv buffer overflow
[mjpeg @ 04f39240] vbv buffer overflow
[mjpeg @ 04f39240] vbv buffer overflow
[mjpeg @ 04f39240] vbv buffer overflow
[mjpeg @ 04f39240] vbv buffer overflow
[mjpeg @ 04f39240] vbv buffer overflow
[mjpeg @ 04f39240] vbv buffer overflow
[mjpeg @ 04f39240] vbv buffer overflow
[mjpeg @ 04f39240] vbv buffer overflow
[mjpeg @ 04f39240] vbv buffer overflow
[mjpeg @ 04f39240] vbv buffer overflow
[mjpeg @ 04f39240] vbv buffer overflow
[mjpeg @ 04f39240] vbv buffer overflow
[mjpeg @ 04f39240] vbv buffer overflow
[mjpeg @ 04f39240] vbv buffer overflow
[mjpeg @ 04f39240] vbv buffer overflow
[mjpeg @ 04f39240] vbv buffer overflow
[mjpeg @ 04f39240] vbv buffer overflow
[mjpeg @ 04f39240] vbv buffer overflow
[mjpeg @ 04f39240] vbv buffer overflow
[mjpeg @ 04f39240] vbv buffer overflow
[mjpeg @ 04f39240] vbv buffer overflow
[mjpeg @ 04f39240] vbv buffer overflow
[mjpeg @ 04f39240] vbv buffer overflow
[mjpeg @ 04f39240] vbv buffer overflow
[mjpeg @ 04f39240] vbv buffer overflow
[mjpeg @ 04f39240] vbv buffer overflow
[mjpeg @ 04f39240] vbv buffer overflow
[mjpeg @ 04f39240] vbv buffer overflow
[mjpeg @ 04f39240] vbv buffer overflow
[mjpeg @ 04f39240] vbv buffer overflow
[mjpeg @ 04f39240] vbv buffer overflow
[mjpeg @ 04f39240] vbv buffer overflow
[mjpeg @ 04f39240] vbv buffer overflow
[mjpeg @ 04f39240] vbv buffer overflow
[mjpeg @ 04f39240] vbv buffer overflow
[mjpeg @ 04f39240] vbv buffer overflow
[mjpeg @ 04f39240] vbv buffer overflow
[mjpeg @ 04f39240] vbv buffer overflow
[mjpeg @ 04f39240] vbv buffer overflow
[mjpeg @ 04f39240] vbv buffer overflow
[mjpeg @ 04f39240] vbv buffer overflow
[mjpeg @ 04f39240] vbv buffer overflow
[mjpeg @ 04f39240] vbv buffer overflow
[mjpeg @ 04f39240] vbv buffer overflow
[mjpeg @ 04f39240] vbv buffer overflow
[mjpeg @ 04f39240] vbv buffer overflow
[mjpeg @ 04f39240] vbv buffer overflow
[mjpeg @ 04f39240] vbv buffer overflow
[mjpeg @ 04f39240] vbv buffer overflow
[mjpeg @ 04f39240] vbv buffer overflow
[mjpeg @ 04f39240] vbv buffer overflow
[mjpeg @ 04f39240] vbv buffer overflow
[mjpeg @ 04f39240] vbv buffer overflow
[mjpeg @ 04f39240] vbv buffer overflow
[mjpeg @ 04f39240] vbv buffer overflow
[mjpeg @ 04f39240] vbv buffer overflow
[mjpeg @ 04f39240] vbv buffer overflow
[mjpeg @ 04f39240] vbv buffer overflow
[mjpeg @ 04f39240] vbv buffer overflow
[mjpeg @ 04f39240] vbv buffer overflow
[mjpeg @ 04f39240] vbv buffer overflow
[mjpeg @ 04f39240] vbv buffer overflow
[mjpeg @ 04f39240] vbv buffer overflow
[mjpeg @ 04f39240] vbv buffer overflow
[mjpeg @ 04f39240] vbv buffer overflow
[mjpeg @ 04f39240] vbv buffer overflow
[mjpeg @ 04f39240] vbv buffer overflow
[mjpeg @ 04f39240] vbv buffer overflow
[mjpeg @ 04f39240] vbv buffer overflow
[mjpeg @ 04f39240] vbv buffer overflow
[mjpeg @ 04f39240] vbv buffer overflow
[mjpeg @ 04f39240] vbv buffer overflow
[mjpeg @ 04f39240] vbv buffer overflow
[mjpeg @ 04f39240] vbv buffer overflow
[mjpeg @ 04f39240] vbv buffer overflow
[mjpeg @ 04f39240] vbv buffer overflow
[mjpeg @ 04f39240] vbv buffer overflow
[mjpeg @ 04f39240] vbv buffer overflow
[mjpeg @ 04f39240] vbv buffer overflow
[mjpeg @ 04f39240] vbv buffer overflow
[mjpeg @ 04f39240] vbv buffer overflow
[mjpeg @ 04f39240] vbv buffer overflow
[mjpeg @ 04f39240] vbv buffer overflow
[mjpeg @ 04f39240] vbv buffer overflow
[mjpeg @ 04f39240] vbv buffer overflow
[mjpeg @ 04f39240] vbv buffer overflow
[mjpeg @ 04f39240] vbv buffer overflow
[mjpeg @ 04f39240] vbv buffer overflow
[mjpeg @ 04f39240] vbv buffer overflow
[mjpeg @ 04f39240] vbv buffer overflow
[mjpeg @ 04f39240] vbv buffer overflow
[mjpeg @ 04f39240] vbv buffer overflow
[mjpeg @ 04f39240] vbv buffer overflow
[mjpeg @ 04f39240] vbv buffer overflow
[mjpeg @ 04f39240] vbv buffer overflow
[mjpeg @ 04f39240] vbv buffer overflow
[mjpeg @ 04f39240] vbv buffer overflow
[mjpeg @ 04f39240] vbv buffer overflow
[mjpeg @ 04f39240] vbv buffer overflow
[mjpeg @ 04f39240] vbv buffer overflow
[mjpeg @ 04f39240] vbv buffer overflow
[mjpeg @ 04f39240] vbv buffer overflow
[mjpeg @ 04f39240] vbv buffer overflow
[mjpeg @ 04f39240] vbv buffer overflow
[mjpeg @ 04f39240] vbv buffer overflow
[mjpeg @ 04f39240] vbv buffer overflow
[mjpeg @ 04f39240] vbv buffer overflow
[mjpeg @ 04f39240] vbv buffer overflow
[mjpeg @ 04f39240] vbv buffer overflow
[mjpeg @ 04f39240] vbv buffer overflow
[mjpeg @ 04f39240] vbv buffer overflow
[mjpeg @ 04f39240] vbv buffer overflow
[mjpeg @ 04f39240] vbv buffer overflow
[mjpeg @ 04f39240] vbv buffer overflow
[mjpeg @ 04f39240] vbv buffer overflow
[mjpeg @ 04f39240] vbv buffer overflow
[mjpeg @ 04f39240] vbv buffer overflow
[mjpeg @ 04f39240] vbv buffer overflow
[mjpeg @ 04f39240] vbv buffer overflow
[mjpeg @ 04f39240] vbv buffer overflow
[mjpeg @ 04f39240] vbv buffer overflow
[mjpeg @ 04f39240] vbv buffer overflow
[mjpeg @ 04f39240] vbv buffer overflow
[mjpeg @ 04f39240] vbv buffer overflow
[mjpeg @ 04f39240] vbv buffer overflow
[mjpeg @ 04f39240] vbv buffer overflow
[mjpeg @ 04f39240] vbv buffer overflow
[mjpeg @ 04f39240] vbv buffer overflow
[mjpeg @ 04f39240] vbv buffer overflow
[mjpeg @ 04f39240] vbv buffer overflow
[mjpeg @ 04f39240] vbv buffer overflow
[mjpeg @ 04f39240] vbv buffer overflow
[mjpeg @ 04f39240] vbv buffer overflow
[mjpeg @ 04f39240] vbv buffer overflow
[mjpeg @ 04f39240] vbv buffer overflow
[mjpeg @ 04f39240] vbv buffer overflow
[mjpeg @ 04f39240] vbv buffer overflow
[mjpeg @ 04f39240] vbv buffer overflow
[mjpeg @ 04f39240] vbv buffer overflow
[mjpeg @ 04f39240] vbv buffer overflow
[mjpeg @ 04f39240] vbv buffer overflow
[mjpeg @ 04f39240] vbv buffer overflow
[mjpeg @ 04f39240] vbv buffer overflow
[mjpeg @ 04f39240] vbv buffer overflow
[mjpeg @ 04f39240] vbv buffer overflow
[mjpeg @ 04f39240] vbv buffer overflow
[mjpeg @ 04f39240] vbv buffer overflow
[mjpeg @ 04f39240] vbv buffer overflow
[mjpeg @ 04f39240] vbv buffer overflow
[mjpeg @ 04f39240] vbv buffer overflow
[mjpeg @ 04f39240] vbv buffer overflow
[mjpeg @ 04f39240] vbv buffer overflow
[mjpeg @ 04f39240] vbv buffer overflow
[mjpeg @ 04f39240] vbv buffer overflow
[mjpeg @ 04f39240] vbv buffer overflow
[mjpeg @ 04f39240] vbv buffer overflow
[mjpeg @ 04f39240] vbv buffer overflow
[mjpeg @ 04f39240] vbv buffer overflow
[mjpeg @ 04f39240] vbv buffer overflow
[mjpeg @ 04f39240] vbv buffer overflow
[mjpeg @ 04f39240] vbv buffer overflow
[mjpeg @ 04f39240] vbv buffer overflow
[mjpeg @ 04f39240] vbv buffer overflow
[mjpeg @ 04f39240] vbv buffer overflow
[mjpeg @ 04f39240] vbv buffer overflow
[mjpeg @ 04f39240] vbv buffer overflow
[mjpeg @ 04f39240] vbv buffer overflow
[mjpeg @ 04f39240] vbv buffer overflow
[mjpeg @ 04f39240] vbv buffer overflow
[mjpeg @ 04f39240] vbv buffer overflow
[mjpeg @ 04f39240] vbv buffer overflow
[mjpeg @ 04f39240] vbv buffer overflow
[mjpeg @ 04f39240] vbv buffer overflow
[mjpeg @ 04f39240] vbv buffer overflow
[mjpeg @ 04f39240] vbv buffer overflow
[mjpeg @ 04f39240] vbv buffer overflow
[mjpeg @ 04f39240] vbv buffer overflow
[mjpeg @ 04f39240] vbv buffer overflow
[mjpeg @ 04f39240] vbv buffer overflow
[mjpeg @ 04f39240] vbv buffer overflow
[mjpeg @ 04f39240] vbv buffer overflow
[mjpeg @ 04f39240] vbv buffer overflow
[mjpeg @ 04f39240] vbv buffer overflow
[mjpeg @ 04f39240] vbv buffer overflow
[mjpeg @ 04f39240] vbv buffer overflow
[mjpeg @ 04f39240] vbv buffer overflow
[mjpeg @ 04f39240] vbv buffer overflow
[mjpeg @ 04f39240] vbv buffer overflow
[mjpeg @ 04f39240] vbv buffer overflow
[mjpeg @ 04f39240] vbv buffer overflow
[mjpeg @ 04f39240] vbv buffer overflow
[mjpeg @ 04f39240] vbv buffer overflow
[mjpeg @ 04f39240] vbv buffer overflow
[mjpeg @ 04f39240] vbv buffer overflow
[mjpeg @ 04f39240] vbv buffer overflow
[mjpeg @ 04f39240] vbv buffer overflow
[mjpeg @ 04f39240] vbv buffer overflow
[mjpeg @ 04f39240] vbv buffer overflow
[mjpeg @ 04f39240] vbv buffer overflow
[mjpeg @ 04f39240] vbv buffer overflow
[mjpeg @ 04f39240] vbv buffer overflow
[mjpeg @ 04f39240] vbv buffer overflow
[mjpeg @ 04f39240] vbv buffer overflow
[mjpeg @ 04f39240] vbv buffer overflow
[mjpeg @ 04f39240] vbv buffer overflow
[mjpeg @ 04f39240] vbv buffer overflow
[mjpeg @ 04f39240] vbv buffer overflow
[mjpeg @ 04f39240] vbv buffer overflow
[mjpeg @ 04f39240] vbv buffer overflow
[mjpeg @ 04f39240] vbv buffer overflow
[mjpeg @ 04f39240] vbv buffer overflow
[mjpeg @ 04f39240] vbv buffer overflow
[mjpeg @ 04f39240] vbv buffer overflow
[mjpeg @ 04f39240] vbv buffer overflow
[mjpeg @ 04f39240] vbv buffer overflow
[mjpeg @ 04f39240] vbv buffer overflow
[mjpeg @ 04f39240] vbv buffer overflow
[mjpeg @ 04f39240] vbv buffer overflow
[mjpeg @ 04f39240] vbv buffer overflow
[mjpeg @ 04f39240] vbv buffer overflow
[mjpeg @ 04f39240] vbv buffer overflow
[mjpeg @ 04f39240] vbv buffer overflow
[mjpeg @ 04f39240] vbv buffer overflow
[mjpeg @ 04f39240] vbv buffer overflow
[mjpeg @ 04f39240] vbv buffer overflow
[mjpeg @ 04f39240] vbv buffer overflow
[mjpeg @ 04f39240] vbv buffer overflow
[mjpeg @ 04f39240] vbv buffer overflow
[mjpeg @ 04f39240] vbv buffer overflow
[mjpeg @ 04f39240] vbv buffer overflow
[mjpeg @ 04f39240] vbv buffer overflow
[mjpeg @ 04f39240] vbv buffer overflow
[mjpeg @ 04f39240] vbv buffer overflow
[mjpeg @ 04f39240] vbv buffer overflow
[mjpeg @ 04f39240] vbv buffer overflow
[mjpeg @ 04f39240] vbv buffer overflow
[mjpeg @ 04f39240] vbv buffer overflow
[mjpeg @ 04f39240] vbv buffer overflow
[mjpeg @ 04f39240] vbv buffer overflow
[mjpeg @ 04f39240] vbv buffer overflow
[mjpeg @ 04f39240] vbv buffer overflow
[mjpeg @ 04f39240] vbv buffer overflow
[mjpeg @ 04f39240] vbv buffer overflow
[mjpeg @ 04f39240] vbv buffer overflow
[mjpeg @ 04f39240] vbv buffer overflow
[mjpeg @ 04f39240] vbv buffer overflow
[mjpeg @ 04f39240] vbv buffer overflow
[mjpeg @ 04f39240] vbv buffer overflow
[mjpeg @ 04f39240] vbv buffer overflow
[mjpeg @ 04f39240] vbv buffer overflow
[mjpeg @ 04f39240] vbv buffer overflow
[mjpeg @ 04f39240] vbv buffer overflow
[mjpeg @ 04f39240] vbv buffer overflow
[mjpeg @ 04f39240] vbv buffer overflow
[mjpeg @ 04f39240] vbv buffer overflow
[mjpeg @ 04f39240] vbv buffer overflow
[mjpeg @ 04f39240] vbv buffer overflow
[mjpeg @ 04f39240] vbv buffer overflow
[mjpeg @ 04f39240] vbv buffer overflow
[mjpeg @ 04f39240] vbv buffer overflow
[mjpeg @ 04f39240] vbv buffer overflow
[mjpeg @ 04f39240] vbv buffer overflow
[mjpeg @ 04f39240] vbv buffer overflow
[mjpeg @ 04f39240] vbv buffer overflow
[mjpeg @ 04f39240] vbv buffer overflow
[mjpeg @ 04f39240] vbv buffer overflow
[mjpeg @ 04f39240] vbv buffer overflow
[mjpeg @ 04f39240] vbv buffer overflow
[mjpeg @ 04f39240] vbv buffer overflow
[mjpeg @ 04f39240] vbv buffer overflow
[mjpeg @ 04f39240] vbv buffer overflow
[mjpeg @ 04f39240] vbv buffer overflow
[mjpeg @ 04f39240] vbv buffer overflow
[mjpeg @ 04f39240] vbv buffer overflow
[mjpeg @ 04f39240] vbv buffer overflow
[mjpeg @ 04f39240] vbv buffer overflow
[mjpeg @ 04f39240] vbv buffer overflow
[mjpeg @ 04f39240] vbv buffer overflow
[mjpeg @ 04f39240] vbv buffer overflow
[mjpeg @ 04f39240] vbv buffer overflow
[mjpeg @ 04f39240] vbv buffer overflow
[mjpeg @ 04f39240] vbv buffer overflow
[mjpeg @ 04f39240] vbv buffer overflow
[mjpeg @ 04f39240] vbv buffer overflow
[mjpeg @ 04f39240] vbv buffer overflow
[mjpeg @ 04f39240] vbv buffer overflow
[mjpeg @ 04f39240] vbv buffer overflow
[mjpeg @ 04f39240] vbv buffer overflow
[mjpeg @ 04f39240] vbv buffer overflow
[mjpeg @ 04f39240] vbv buffer overflow
[mjpeg @ 04f39240] vbv buffer overflow
[mjpeg @ 04f39240] vbv buffer overflow
[mjpeg @ 04f39240] vbv buffer overflow
[mjpeg @ 04f39240] vbv buffer overflow
[mjpeg @ 04f39240] vbv buffer overflow
[mjpeg @ 04f39240] vbv buffer overflow
[mjpeg @ 04f39240] vbv buffer overflow
[mjpeg @ 04f39240] vbv buffer overflow
[mjpeg @ 04f39240] vbv buffer overflow
[mjpeg @ 04f39240] vbv buffer overflow
[mjpeg @ 04f39240] vbv buffer overflow
[mjpeg @ 04f39240] vbv buffer overflow
[mjpeg @ 04f39240] vbv buffer overflow
[mjpeg @ 04f39240] vbv buffer overflow
[mjpeg @ 04f39240] vbv buffer overflow
[mjpeg @ 04f39240] vbv buffer overflow
[mjpeg @ 04f39240] vbv buffer overflow
[mjpeg @ 04f39240] vbv buffer overflow
[mjpeg @ 04f39240] vbv buffer overflow
[mjpeg @ 04f39240] vbv buffer overflow
[mjpeg @ 04f39240] vbv buffer overflow
[mjpeg @ 04f39240] vbv buffer overflow
[mjpeg @ 04f39240] vbv buffer overflow
[mjpeg @ 04f39240] vbv buffer overflow
[mjpeg @ 04f39240] vbv buffer overflow
[mjpeg @ 04f39240] vbv buffer overflow
[mjpeg @ 04f39240] vbv buffer overflow
[mjpeg @ 04f39240] vbv buffer overflow
[mjpeg @ 04f39240] vbv buffer overflow
[mjpeg @ 04f39240] vbv buffer overflow
[mjpeg @ 04f39240] vbv buffer overflow
[mjpeg @ 04f39240] vbv buffer overflow
[mjpeg @ 04f39240] vbv buffer overflow
[mjpeg @ 04f39240] vbv buffer overflow
[mjpeg @ 04f39240] vbv buffer overflow
[mjpeg @ 04f39240] vbv buffer overflow
[mjpeg @ 04f39240] vbv buffer overflow
[mjpeg @ 04f39240] vbv buffer overflow
[mjpeg @ 04f39240] vbv buffer overflow
[mjpeg @ 04f39240] vbv buffer overflow
[mjpeg @ 04f39240] vbv buffer overflow
[mjpeg @ 04f39240] vbv buffer overflow
[mjpeg @ 04f39240] vbv buffer overflow
[mjpeg @ 04f39240] vbv buffer overflow
[mjpeg @ 04f39240] vbv buffer overflow
[mjpeg @ 04f39240] vbv buffer overflow
[mjpeg @ 04f39240] vbv buffer overflow
[mjpeg @ 04f39240] vbv buffer overflow
[mjpeg @ 04f39240] vbv buffer overflow
[mjpeg @ 04f39240] vbv buffer overflow
[mjpeg @ 04f39240] vbv buffer overflow
[mjpeg @ 04f39240] vbv buffer overflow
[mjpeg @ 04f39240] vbv buffer overflow
[mjpeg @ 04f39240] vbv buffer overflow
[mjpeg @ 04f39240] vbv buffer overflow
[mjpeg @ 04f39240] vbv buffer overflow
[mjpeg @ 04f39240] vbv buffer overflow
[mjpeg @ 04f39240] vbv buffer overflow
[mjpeg @ 04f39240] vbv buffer overflow
[mjpeg @ 04f39240] vbv buffer overflow
[mjpeg @ 04f39240] vbv buffer overflow
[mjpeg @ 04f39240] vbv buffer overflow
[mjpeg @ 04f39240] vbv buffer overflow
[mjpeg @ 04f39240] vbv buffer overflow
[mjpeg @ 04f39240] vbv buffer overflow
[mjpeg @ 04f39240] vbv buffer overflow
[mjpeg @ 04f39240] vbv buffer overflow
[mjpeg @ 04f39240] vbv buffer overflow
[mjpeg @ 04f39240] vbv buffer overflow
[mjpeg @ 04f39240] vbv buffer overflow
[mjpeg @ 04f39240] vbv buffer overflow
[mjpeg @ 04f39240] vbv buffer overflow
[mjpeg @ 04f39240] vbv buffer overflow
[mjpeg @ 04f39240] vbv buffer overflow
[mjpeg @ 04f39240] vbv buffer overflow
[mjpeg @ 04f39240] vbv buffer overflow
[mjpeg @ 04f39240] vbv buffer overflow
[mjpeg @ 04f39240] vbv buffer overflow
[mjpeg @ 04f39240] vbv buffer overflow
[mjpeg @ 04f39240] vbv buffer overflow
[mjpeg @ 04f39240] vbv buffer overflow
[mjpeg @ 04f39240] vbv buffer overflow
[mjpeg @ 04f39240] vbv buffer overflow
[mjpeg @ 04f39240] vbv buffer overflow
[mjpeg @ 04f39240] vbv buffer overflow
[mjpeg @ 04f39240] vbv buffer overflow
[mjpeg @ 04f39240] vbv buffer overflow
[mjpeg @ 04f39240] vbv buffer overflow
[mjpeg @ 04f39240] vbv buffer overflow
[mjpeg @ 04f39240] vbv buffer overflow
[mjpeg @ 04f39240] vbv buffer overflow
[mjpeg @ 04f39240] vbv buffer overflow
[mjpeg @ 04f39240] vbv buffer overflow
[mjpeg @ 04f39240] vbv buffer overflow
[mjpeg @ 04f39240] vbv buffer overflow
[mjpeg @ 04f39240] vbv buffer overflow
[mjpeg @ 04f39240] vbv buffer overflow
[mjpeg @ 04f39240] vbv buffer overflow
[mjpeg @ 04f39240] vbv buffer overflow
[mjpeg @ 04f39240] vbv buffer overflow
[mjpeg @ 04f39240] vbv buffer overflow
[mjpeg @ 04f39240] vbv buffer overflow
[mjpeg @ 04f39240] vbv buffer overflow
[mjpeg @ 04f39240] vbv buffer overflow
[mjpeg @ 04f39240] vbv buffer overflow
[mjpeg @ 04f39240] vbv buffer overflow
[mjpeg @ 04f39240] vbv buffer overflow
[mjpeg @ 04f39240] vbv buffer overflow
[mjpeg @ 04f39240] vbv buffer overflow
[mjpeg @ 04f39240] vbv buffer overflow
[mjpeg @ 04f39240] vbv buffer overflow
[mjpeg @ 04f39240] vbv buffer overflow
[mjpeg @ 04f39240] vbv buffer overflow
[mjpeg @ 04f39240] vbv buffer overflow
[mjpeg @ 04f39240] vbv buffer overflow
[mjpeg @ 04f39240] vbv buffer overflow
[mjpeg @ 04f39240] vbv buffer overflow
[mjpeg @ 04f39240] vbv buffer overflow
[mjpeg @ 04f39240] vbv buffer overflow
[mjpeg @ 04f39240] vbv buffer overflow
[mjpeg @ 04f39240] vbv buffer overflow
[mjpeg @ 04f39240] vbv buffer overflow
[mjpeg @ 04f39240] vbv buffer overflow
[mjpeg @ 04f39240] vbv buffer overflow
[mjpeg @ 04f39240] vbv buffer overflow
[mjpeg @ 04f39240] vbv buffer overflow
[mjpeg @ 04f39240] vbv buffer overflow
[mjpeg @ 04f39240] vbv buffer overflow
[mjpeg @ 04f39240] vbv buffer overflow
[mjpeg @ 04f39240] vbv buffer overflow
[mjpeg @ 04f39240] vbv buffer overflow
[mjpeg @ 04f39240] vbv buffer overflow
[mjpeg @ 04f39240] vbv buffer overflow
[mjpeg @ 04f39240] vbv buffer overflow
[mjpeg @ 04f39240] vbv buffer overflow
[mjpeg @ 04f39240] vbv buffer overflow
[mjpeg @ 04f39240] vbv buffer overflow
[mjpeg @ 04f39240] vbv buffer overflow
[mjpeg @ 04f39240] vbv buffer overflow
[mjpeg @ 04f39240] vbv buffer overflow
[mjpeg @ 04f39240] vbv buffer overflow
[mjpeg @ 04f39240] vbv buffer overflow
[mjpeg @ 04f39240] vbv buffer overflow
[mjpeg @ 04f39240] vbv buffer overflow
[mjpeg @ 04f39240] vbv buffer overflow
[mjpeg @ 04f39240] vbv buffer overflow
[mjpeg @ 04f39240] vbv buffer overflow
[mjpeg @ 04f39240] vbv buffer overflow
[mjpeg @ 04f39240] vbv buffer overflow
[mjpeg @ 04f39240] vbv buffer overflow
[mjpeg @ 04f39240] vbv buffer overflow
[mjpeg @ 04f39240] vbv buffer overflow
[mjpeg @ 04f39240] vbv buffer overflow
[mjpeg @ 04f39240] vbv buffer overflow
[mjpeg @ 04f39240] vbv buffer overflow
[mjpeg @ 04f39240] vbv buffer overflow
[mjpeg @ 04f39240] vbv buffer overflow
[mjpeg @ 04f39240] vbv buffer overflow
[mjpeg @ 04f39240] vbv buffer overflow
[mjpeg @ 04f39240] vbv buffer overflow
[mjpeg @ 04f39240] vbv buffer overflow
[mjpeg @ 04f39240] vbv buffer overflow
[mjpeg @ 04f39240] vbv buffer overflow
[mjpeg @ 04f39240] vbv buffer overflow
[mjpeg @ 04f39240] vbv buffer overflow
[mjpeg @ 04f39240] vbv buffer overflow
[mjpeg @ 04f39240] vbv buffer overflow
[mjpeg @ 04f39240] vbv buffer overflow
[mjpeg @ 04f39240] vbv buffer overflow
[mjpeg @ 04f39240] vbv buffer overflow
[mjpeg @ 04f39240] vbv buffer overflow
[mjpeg @ 04f39240] vbv buffer overflow
[mjpeg @ 04f39240] vbv buffer overflow
[mjpeg @ 04f39240] vbv buffer overflow
[mjpeg @ 04f39240] vbv buffer overflow
[mjpeg @ 04f39240] vbv buffer overflow
[mjpeg @ 04f39240] vbv buffer overflow
[mjpeg @ 04f39240] vbv buffer overflow
[mjpeg @ 04f39240] vbv buffer overflow
[mjpeg @ 04f39240] vbv buffer overflow
[mjpeg @ 04f39240] vbv buffer overflow
[mjpeg @ 04f39240] vbv buffer overflow
[mjpeg @ 04f39240] vbv buffer overflow
[mjpeg @ 04f39240] vbv buffer overflow
[mjpeg @ 04f39240] vbv buffer overflow
[mjpeg @ 04f39240] vbv buffer overflow
[mjpeg @ 04f39240] vbv buffer overflow
[mjpeg @ 04f39240] vbv buffer overflow
[mjpeg @ 04f39240] vbv buffer overflow
[mjpeg @ 04f39240] vbv buffer overflow
[mjpeg @ 04f39240] vbv buffer overflow
[mjpeg @ 04f39240] vbv buffer overflow
[mjpeg @ 04f39240] vbv buffer overflow
[mjpeg @ 04f39240] vbv buffer overflow
[mjpeg @ 04f39240] vbv buffer overflow
[mjpeg @ 04f39240] vbv buffer overflow
[mjpeg @ 04f39240] vbv buffer overflow
[mjpeg @ 04f39240] vbv buffer overflow
[mjpeg @ 04f39240] vbv buffer overflow
[mjpeg @ 04f39240] vbv buffer overflow
[mjpeg @ 04f39240] vbv buffer overflow
[mjpeg @ 04f39240] vbv buffer overflow
[mjpeg @ 04f39240] vbv buffer overflow
[mjpeg @ 04f39240] vbv buffer overflow
[mjpeg @ 04f39240] vbv buffer overflow
[mjpeg @ 04f39240] vbv buffer overflow
[mjpeg @ 04f39240] vbv buffer overflow
[mjpeg @ 04f39240] vbv buffer overflow
[mjpeg @ 04f39240] vbv buffer overflow
[mjpeg @ 04f39240] vbv buffer overflow
[mjpeg @ 04f39240] vbv buffer overflow
[mjpeg @ 04f39240] vbv buffer overflow
[mjpeg @ 04f39240] vbv buffer overflow
[mjpeg @ 04f39240] vbv buffer overflow
[mjpeg @ 04f39240] vbv buffer overflow
[mjpeg @ 04f39240] vbv buffer overflow
[mjpeg @ 04f39240] vbv buffer overflow
[mjpeg @ 04f39240] vbv buffer overflow
[mjpeg @ 04f39240] vbv buffer overflow
[mjpeg @ 04f39240] vbv buffer overflow
[mjpeg @ 04f39240] vbv buffer overflow
[mjpeg @ 04f39240] vbv buffer overflow
[mjpeg @ 04f39240] vbv buffer overflow
[mjpeg @ 04f39240] vbv buffer overflow
[mjpeg @ 04f39240] vbv buffer overflow
[mjpeg @ 04f39240] vbv buffer overflow
[mjpeg @ 04f39240] vbv buffer overflow
[mjpeg @ 04f39240] vbv buffer overflow
[mjpeg @ 04f39240] vbv buffer overflow
[mjpeg @ 04f39240] vbv buffer overflow
[mjpeg @ 04f39240] vbv buffer overflow
[mjpeg @ 04f39240] vbv buffer overflow
[mjpeg @ 04f39240] vbv buffer overflow
[mjpeg @ 04f39240] vbv buffer overflow
[mjpeg @ 04f39240] vbv buffer overflow
[mjpeg @ 04f39240] vbv buffer overflow
[mjpeg @ 04f39240] vbv buffer overflow
[mjpeg @ 04f39240] vbv buffer overflow
[mjpeg @ 04f39240] vbv buffer overflow
[mjpeg @ 04f39240] vbv buffer overflow
[mjpeg @ 04f39240] vbv buffer overflow
[mjpeg @ 04f39240] vbv buffer overflow
[mjpeg @ 04f39240] vbv buffer overflow
[mjpeg @ 04f39240] vbv buffer overflow
[mjpeg @ 04f39240] vbv buffer overflow
[mjpeg @ 04f39240] vbv buffer overflow
[mjpeg @ 04f39240] vbv buffer overflow
[mjpeg @ 04f39240] vbv buffer overflow
[mjpeg @ 04f39240] vbv buffer overflow
[mjpeg @ 04f39240] vbv buffer overflow
[mjpeg @ 04f39240] vbv buffer overflow
[mjpeg @ 04f39240] vbv buffer overflow
[mjpeg @ 04f39240] vbv buffer overflow
[mjpeg @ 04f39240] vbv buffer overflow
[mjpeg @ 04f39240] vbv buffer overflow
[mjpeg @ 04f39240] vbv buffer overflow
[mjpeg @ 04f39240] vbv buffer overflow
[mjpeg @ 04f39240] vbv buffer overflow
[mjpeg @ 04f39240] vbv buffer overflow
[mjpeg @ 04f39240] vbv buffer overflow
[mjpeg @ 04f39240] vbv buffer overflow
[mjpeg @ 04f39240] vbv buffer overflow
[mjpeg @ 04f39240] vbv buffer overflow
[mjpeg @ 04f39240] vbv buffer overflow
[mjpeg @ 04f39240] vbv buffer overflow
[mjpeg @ 04f39240] vbv buffer overflow
[mjpeg @ 04f39240] vbv buffer overflow
[mjpeg @ 04f39240] vbv buffer overflow
[mjpeg @ 04f39240] vbv buffer overflow
[mjpeg @ 04f39240] vbv buffer overflow
[mjpeg @ 04f39240] vbv buffer overflow
[mjpeg @ 04f39240] vbv buffer overflow
[mjpeg @ 04f39240] vbv buffer overflow
[mjpeg @ 04f39240] vbv buffer overflow
[mjpeg @ 04f39240] vbv buffer overflow
[mjpeg @ 04f39240] vbv buffer overflow
[mjpeg @ 04f39240] vbv buffer overflow
[mjpeg @ 04f39240] vbv buffer overflow
[mjpeg @ 04f39240] vbv buffer overflow
[mjpeg @ 04f39240] vbv buffer overflow
[mjpeg @ 04f39240] vbv buffer overflow
[mjpeg @ 04f39240] vbv buffer overflow
[mjpeg @ 04f39240] vbv buffer overflow
[mjpeg @ 04f39240] vbv buffer overflow
[mjpeg @ 04f39240] vbv buffer overflow
[mjpeg @ 04f39240] vbv buffer overflow
[mjpeg @ 04f39240] vbv buffer overflow
[mjpeg @ 04f39240] vbv buffer overflow
[mjpeg @ 04f39240] vbv buffer overflow
[mjpeg @ 04f39240] vbv buffer overflow
[mjpeg @ 04f39240] vbv buffer overflow
[mjpeg @ 04f39240] vbv buffer overflow
[mjpeg @ 04f39240] vbv buffer overflow
[mjpeg @ 04f39240] vbv buffer overflow
[mjpeg @ 04f39240] vbv buffer overflow
[mjpeg @ 04f39240] vbv buffer overflow
[mjpeg @ 04f39240] vbv buffer overflow
[mjpeg @ 04f39240] vbv buffer overflow
[mjpeg @ 04f39240] vbv buffer overflow
[mjpeg @ 04f39240] vbv buffer overflow
[mjpeg @ 04f39240] vbv buffer overflow
[mjpeg @ 04f39240] vbv buffer overflow
[mjpeg @ 04f39240] vbv buffer overflow
[mjpeg @ 04f39240] vbv buffer overflow
[mjpeg @ 04f39240] vbv buffer overflow
[mjpeg @ 04f39240] vbv buffer overflow
[mjpeg @ 04f39240] vbv buffer overflow
[mjpeg @ 04f39240] vbv buffer overflow
[mjpeg @ 04f39240] vbv buffer overflow
[mjpeg @ 04f39240] vbv buffer overflow
[mjpeg @ 04f39240] vbv buffer overflow
[mjpeg @ 04f39240] vbv buffer overflow
[mjpeg @ 04f39240] vbv buffer overflow
[mjpeg @ 04f39240] vbv buffer overflow
[mjpeg @ 04f39240] vbv buffer overflow
[mjpeg @ 04f39240] vbv buffer overflow
[mjpeg @ 04f39240] vbv buffer overflow
[mjpeg @ 04f39240] vbv buffer overflow
[mjpeg @ 04f39240] vbv buffer overflow
[mjpeg @ 04f39240] vbv buffer overflow
[mjpeg @ 04f39240] vbv buffer overflow
[mjpeg @ 04f39240] vbv buffer overflow
[mjpeg @ 04f39240] vbv buffer overflow
[mjpeg @ 04f39240] vbv buffer overflow
[mjpeg @ 04f39240] vbv buffer overflow
[mjpeg @ 04f39240] vbv buffer overflow
[mjpeg @ 04f39240] vbv buffer overflow
[mjpeg @ 04f39240] vbv buffer overflow
[mjpeg @ 04f39240] vbv buffer overflow
[mjpeg @ 04f39240] vbv buffer overflow
[mjpeg @ 04f39240] vbv buffer overflow
[mjpeg @ 04f39240] vbv buffer overflow
[mjpeg @ 04f39240] vbv buffer overflow
[mjpeg @ 04f39240] vbv buffer overflow
[mjpeg @ 04f39240] vbv buffer overflow
[mjpeg @ 04f39240] vbv buffer overflow
[mjpeg @ 04f39240] vbv buffer overflow
[mjpeg @ 04f39240] vbv buffer overflow
[mjpeg @ 04f39240] vbv buffer overflow
[mjpeg @ 04f39240] vbv buffer overflow
[mjpeg @ 04f39240] vbv buffer overflow
[mjpeg @ 04f39240] vbv buffer overflow
[mjpeg @ 04f39240] vbv buffer overflow
[mjpeg @ 04f39240] vbv buffer overflow
[mjpeg @ 04f39240] vbv buffer overflow
[mjpeg @ 04f39240] vbv buffer overflow
[mjpeg @ 04f39240] vbv buffer overflow
[mjpeg @ 04f39240] vbv buffer overflow
[mjpeg @ 04f39240] vbv buffer overflow
[mjpeg @ 04f39240] vbv buffer overflow
[mjpeg @ 04f39240] vbv buffer overflow
[mjpeg @ 04f39240] vbv buffer overflow
[mjpeg @ 04f39240] vbv buffer overflow
[mjpeg @ 04f39240] vbv buffer overflow
[mjpeg @ 04f39240] vbv buffer overflow
[mjpeg @ 04f39240] vbv buffer overflow
[mjpeg @ 04f39240] vbv buffer overflow
[mjpeg @ 04f39240] vbv buffer overflow
[mjpeg @ 04f39240] vbv buffer overflow
[mjpeg @ 04f39240] vbv buffer overflow
[mjpeg @ 04f39240] vbv buffer overflow
[mjpeg @ 04f39240] vbv buffer overflow
[mjpeg @ 04f39240] vbv buffer overflow
[mjpeg @ 04f39240] vbv buffer overflow
[mjpeg @ 04f39240] vbv buffer overflow
[mjpeg @ 04f39240] vbv buffer overflow
[mjpeg @ 04f39240] vbv buffer overflow
[mjpeg @ 04f39240] vbv buffer overflow
[mjpeg @ 04f39240] vbv buffer overflow
[mjpeg @ 04f39240] vbv buffer overflow
[mjpeg @ 04f39240] vbv buffer overflow
[mjpeg @ 04f39240] vbv buffer overflow
[mjpeg @ 04f39240] vbv buffer overflow
[mjpeg @ 04f39240] vbv buffer overflow
[mjpeg @ 04f39240] vbv buffer overflow
[mjpeg @ 04f39240] vbv buffer overflow
[mjpeg @ 04f39240] vbv buffer overflow
[mjpeg @ 04f39240] vbv buffer overflow
[mjpeg @ 04f39240] vbv buffer overflow
[mjpeg @ 04f39240] vbv buffer overflow
[mjpeg @ 04f39240] vbv buffer overflow
[mjpeg @ 04f39240] vbv buffer overflow
[mjpeg @ 04f39240] vbv buffer overflow
[mjpeg @ 04f39240] vbv buffer overflow
[mjpeg @ 04f39240] vbv buffer overflow
[mjpeg @ 04f39240] vbv buffer overflow
[mjpeg @ 04f39240] vbv buffer overflow
[mjpeg @ 04f39240] vbv buffer overflow
[mjpeg @ 04f39240] vbv buffer overflow
[mjpeg @ 04f39240] vbv buffer overflow
[mjpeg @ 04f39240] vbv buffer overflow
[mjpeg @ 04f39240] vbv buffer overflow
[mjpeg @ 04f39240] vbv buffer overflow
[mjpeg @ 04f39240] vbv buffer overflow
[mjpeg @ 04f39240] vbv buffer overflow
[mjpeg @ 04f39240] vbv buffer overflow
[mjpeg @ 04f39240] vbv buffer overflow
[mjpeg @ 04f39240] vbv buffer overflow
[mjpeg @ 04f39240] vbv buffer overflow
[mjpeg @ 04f39240] vbv buffer overflow
[mjpeg @ 04f39240] vbv buffer overflow
[mjpeg @ 04f39240] vbv buffer overflow
[mjpeg @ 04f39240] vbv buffer overflow
[mjpeg @ 04f39240] vbv buffer overflow
[mjpeg @ 04f39240] vbv buffer overflow
[mjpeg @ 04f39240] vbv buffer overflow
[mjpeg @ 04f39240] vbv buffer overflow
[mjpeg @ 04f39240] vbv buffer overflow
[mjpeg @ 04f39240] vbv buffer overflow
[mjpeg @ 04f39240] vbv buffer overflow
[mjpeg @ 04f39240] vbv buffer overflow
[mjpeg @ 04f39240] vbv buffer overflow
[mjpeg @ 04f39240] vbv buffer overflow
[mjpeg @ 04f39240] vbv buffer overflow
[mjpeg @ 04f39240] vbv buffer overflow
[mjpeg @ 04f39240] vbv buffer overflow
[mjpeg @ 04f39240] vbv buffer overflow
[mjpeg @ 04f39240] vbv buffer overflow
[mjpeg @ 04f39240] vbv buffer overflow
[mjpeg @ 04f39240] vbv buffer overflow
[mjpeg @ 04f39240] vbv buffer overflow
[mjpeg @ 04f39240] vbv buffer overflow
[mjpeg @ 04f39240] vbv buffer overflow
[mjpeg @ 04f39240] vbv buffer overflow
[mjpeg @ 04f39240] vbv buffer overflow
[mjpeg @ 04f39240] vbv buffer overflow
[mjpeg @ 04f39240] vbv buffer overflow
[mjpeg @ 04f39240] vbv buffer overflow
[mjpeg @ 04f39240] vbv buffer overflow
[mjpeg @ 04f39240] vbv buffer overflow
[mjpeg @ 04f39240] vbv buffer overflow
[mjpeg @ 04f39240] vbv buffer overflow
[mjpeg @ 04f39240] vbv buffer overflow
[mjpeg @ 04f39240] vbv buffer overflow
[mjpeg @ 04f39240] vbv buffer overflow
[mjpeg @ 04f39240] vbv buffer overflow
[mjpeg @ 04f39240] vbv buffer overflow
[mjpeg @ 04f39240] vbv buffer overflow
[mjpeg @ 04f39240] vbv buffer overflow
[mjpeg @ 04f39240] vbv buffer overflow
[mjpeg @ 04f39240] vbv buffer overflow
[mjpeg @ 04f39240] vbv buffer overflow
[mjpeg @ 04f39240] vbv buffer overflow
[mjpeg @ 04f39240] vbv buffer overflow
[mjpeg @ 04f39240] vbv buffer overflow
[mjpeg @ 04f39240] vbv buffer overflow
[mjpeg @ 04f39240] vbv buffer overflow
[mjpeg @ 04f39240] vbv buffer overflow
[mjpeg @ 04f39240] vbv buffer overflow
[mjpeg @ 04f39240] vbv buffer overflow
[mjpeg @ 04f39240] vbv buffer overflow
[mjpeg @ 04f39240] vbv buffer overflow
[mjpeg @ 04f39240] vbv buffer overflow
[mjpeg @ 04f39240] vbv buffer overflow
[mjpeg @ 04f39240] vbv buffer overflow
[mjpeg @ 04f39240] vbv buffer overflow
[mjpeg @ 04f39240] vbv buffer overflow
[mjpeg @ 04f39240] vbv buffer overflow
[mjpeg @ 04f39240] vbv buffer overflow
[mjpeg @ 04f39240] vbv buffer overflow
[mjpeg @ 04f39240] vbv buffer overflow
[mjpeg @ 04f39240] vbv buffer overflow
[mjpeg @ 04f39240] vbv buffer overflow
[mjpeg @ 04f39240] vbv buffer overflow
[mjpeg @ 04f39240] vbv buffer overflow
[mjpeg @ 04f39240] vbv buffer overflow
[mjpeg @ 04f39240] vbv buffer overflow
[mjpeg @ 04f39240] vbv buffer overflow
[mjpeg @ 04f39240] vbv buffer overflow
[mjpeg @ 04f39240] vbv buffer overflow
[mjpeg @ 04f39240] vbv buffer overflow
[mjpeg @ 04f39240] vbv buffer overflow
[mjpeg @ 04f39240] vbv buffer overflow
[mjpeg @ 04f39240] vbv buffer overflow
[mjpeg @ 04f39240] vbv buffer overflow
[mjpeg @ 04f39240] vbv buffer overflow
[mjpeg @ 04f39240] vbv buffer overflow
[mjpeg @ 04f39240] vbv buffer overflow
[mjpeg @ 04f39240] vbv buffer overflow
[mjpeg @ 04f39240] vbv buffer overflow
[mjpeg @ 04f39240] vbv buffer overflow
[mjpeg @ 04f39240] vbv buffer overflow
[mjpeg @ 04f39240] vbv buffer overflow
[mjpeg @ 04f39240] vbv buffer overflow
[mjpeg @ 04f39240] vbv buffer overflow
[mjpeg @ 04f39240] vbv buffer overflow
[mjpeg @ 04f39240] vbv buffer overflow
[mjpeg @ 04f39240] vbv buffer overflow
[mjpeg @ 04f39240] vbv buffer overflow
[mjpeg @ 04f39240] vbv buffer overflow
[mjpeg @ 04f39240] vbv buffer overflow
[mjpeg @ 04f39240] vbv buffer overflow
[mjpeg @ 04f39240] vbv buffer overflow
[mjpeg @ 04f39240] vbv buffer overflow
[mjpeg @ 04f39240] vbv buffer overflow
[mjpeg @ 04f39240] vbv buffer overflow
[mjpeg @ 04f39240] vbv buffer overflow
[mjpeg @ 04f39240] vbv buffer overflow
[mjpeg @ 04f39240] vbv buffer overflow
[mjpeg @ 04f39240] vbv buffer overflow
[mjpeg @ 04f39240] vbv buffer overflow
[mjpeg @ 04f39240] vbv buffer overflow
[mjpeg @ 04f39240] vbv buffer overflow
[mjpeg @ 04f39240] vbv buffer overflow
[mjpeg @ 04f39240] vbv buffer overflow
[mjpeg @ 04f39240] vbv buffer overflow
[mjpeg @ 04f39240] vbv buffer overflow
[mjpeg @ 04f39240] vbv buffer overflow
[mjpeg @ 04f39240] vbv buffer overflow
[mjpeg @ 04f39240] vbv buffer overflow
[mjpeg @ 04f39240] vbv buffer overflow
[mjpeg @ 04f39240] vbv buffer overflow
[mjpeg @ 04f39240] vbv buffer overflow
[mjpeg @ 04f39240] vbv buffer overflow
[mjpeg @ 04f39240] vbv buffer overflow
[mjpeg @ 04f39240] vbv buffer overflow
[mjpeg @ 04f39240] vbv buffer overflow
[mjpeg @ 04f39240] vbv buffer overflow
[mjpeg @ 04f39240] vbv buffer overflow
[mjpeg @ 04f39240] vbv buffer overflow
[mjpeg @ 04f39240] vbv buffer overflow
[mjpeg @ 04f39240] vbv buffer overflow
[mjpeg @ 04f39240] vbv buffer overflow
[mjpeg @ 04f39240] vbv buffer overflow
[mjpeg @ 04f39240] vbv buffer overflow
[mjpeg @ 04f39240] vbv buffer overflow
[mjpeg @ 04f39240] vbv buffer overflow
[mjpeg @ 04f39240] vbv buffer overflow
[mjpeg @ 04f39240] vbv buffer overflow
[mjpeg @ 04f39240] vbv buffer overflow
[mjpeg @ 04f39240] vbv buffer overflow
[mjpeg @ 04f39240] vbv buffer overflow
[mjpeg @ 04f39240] vbv buffer overflow
[mjpeg @ 04f39240] vbv buffer overflow
[mjpeg @ 04f39240] vbv buffer overflow
[mjpeg @ 04f39240] vbv buffer overflow
[mjpeg @ 04f39240] vbv buffer overflow
[mjpeg @ 04f39240] vbv buffer overflow
[mjpeg @ 04f39240] vbv buffer overflow
[mjpeg @ 04f39240] vbv buffer overflow
[mjpeg @ 04f39240] vbv buffer overflow
[mjpeg @ 04f39240] vbv buffer overflow
[mjpeg @ 04f39240] vbv buffer overflow
[mjpeg @ 04f39240] vbv buffer overflow
[mjpeg @ 04f39240] vbv buffer overflow
[mjpeg @ 04f39240] vbv buffer overflow
[mjpeg @ 04f39240] vbv buffer overflow
[mjpeg @ 04f39240] vbv buffer overflow
[mjpeg @ 04f39240] vbv buffer overflow
[mjpeg @ 04f39240] vbv buffer overflow
[mjpeg @ 04f39240] vbv buffer overflow
[mjpeg @ 04f39240] vbv buffer overflow
[mjpeg @ 04f39240] vbv buffer overflow
[mjpeg @ 04f39240] vbv buffer overflow
[mjpeg @ 04f39240] vbv buffer overflow
[mjpeg @ 04f39240] vbv buffer overflow
[mjpeg @ 04f39240] vbv buffer overflow
[mjpeg @ 04f39240] vbv buffer overflow
[mjpeg @ 04f39240] vbv buffer overflow
[mjpeg @ 04f39240] vbv buffer overflow
[mjpeg @ 04f39240] vbv buffer overflow
[mjpeg @ 04f39240] vbv buffer overflow
[mjpeg @ 04f39240] vbv buffer overflow
[mjpeg @ 04f39240] vbv buffer overflow
[mjpeg @ 04f39240] vbv buffer overflow
[mjpeg @ 04f39240] vbv buffer overflow
[mjpeg @ 04f39240] vbv buffer overflow
[mjpeg @ 04f39240] vbv buffer overflow
[mjpeg @ 04f39240] vbv buffer overflow
[mjpeg @ 04f39240] vbv buffer overflow
[mjpeg @ 04f39240] vbv buffer overflow
[mjpeg @ 04f39240] vbv buffer overflow
[mjpeg @ 04f39240] vbv buffer overflow
[mjpeg @ 04f39240] vbv buffer overflow
[mjpeg @ 04f39240] vbv buffer overflow
[mjpeg @ 04f39240] vbv buffer overflow
[mjpeg @ 04f39240] vbv buffer overflow
[mjpeg @ 04f39240] vbv buffer overflow
[mjpeg @ 04f39240] vbv buffer overflow
[mjpeg @ 04f39240] vbv buffer overflow
[mjpeg @ 04f39240] vbv buffer overflow
[mjpeg @ 04f39240] vbv buffer overflow
[mjpeg @ 04f39240] vbv buffer overflow
[mjpeg @ 04f39240] vbv buffer overflow
[mjpeg @ 04f39240] vbv buffer overflow
[mjpeg @ 04f39240] vbv buffer overflow
[mjpeg @ 04f39240] vbv buffer overflow
[mjpeg @ 04f39240] vbv buffer overflow
[mjpeg @ 04f39240] vbv buffer overflow
[mjpeg @ 04f39240] vbv buffer overflow
[mjpeg @ 04f39240] vbv buffer overflow
[mjpeg @ 04f39240] vbv buffer overflow
[mjpeg @ 04f39240] vbv buffer overflow
[mjpeg @ 04f39240] vbv buffer overflow
[mjpeg @ 04f39240] vbv buffer overflow
[mjpeg @ 04f39240] vbv buffer overflow
[mjpeg @ 04f39240] vbv buffer overflow
[mjpeg @ 04f39240] vbv buffer overflow
[mjpeg @ 04f39240] vbv buffer overflow
[mjpeg @ 04f39240] vbv buffer overflow
[mjpeg @ 04f39240] vbv buffer overflow
[mjpeg @ 04f39240] vbv buffer overflow
[mjpeg @ 04f39240] vbv buffer overflow
[mjpeg @ 04f39240] vbv buffer overflow
[mjpeg @ 04f39240] vbv buffer overflow
[mjpeg @ 04f39240] vbv buffer overflow
[mjpeg @ 04f39240] vbv buffer overflow
[mjpeg @ 04f39240] vbv buffer overflow
[mjpeg @ 04f39240] vbv buffer overflow
[mjpeg @ 04f39240] vbv buffer overflow
[mjpeg @ 04f39240] vbv buffer overflow
[mjpeg @ 04f39240] vbv buffer overflow
[mjpeg @ 04f39240] vbv buffer overflow
[mjpeg @ 04f39240] vbv buffer overflow
[mjpeg @ 04f39240] vbv buffer overflow
[mjpeg @ 04f39240] vbv buffer overflow
[mjpeg @ 04f39240] vbv buffer overflow
[mjpeg @ 04f39240] vbv buffer overflow
[mjpeg @ 04f39240] vbv buffer overflow
[mjpeg @ 04f39240] vbv buffer overflow
[mjpeg @ 04f39240] vbv buffer overflow
[mjpeg @ 04f39240] vbv buffer overflow
[mjpeg @ 04f39240] vbv buffer overflow
[mjpeg @ 04f39240] vbv buffer overflow
[mjpeg @ 04f39240] vbv buffer overflow
[mjpeg @ 04f39240] vbv buffer overflow
[mjpeg @ 04f39240] vbv buffer overflow
[mjpeg @ 04f39240] vbv buffer overflow
[mjpeg @ 04f39240] vbv buffer overflow
[mjpeg @ 04f39240] vbv buffer overflow
[mjpeg @ 04f39240] vbv buffer overflow
[mjpeg @ 04f39240] vbv buffer overflow
[mjpeg @ 04f39240] vbv buffer overflow
[mjpeg @ 04f39240] vbv buffer overflow
[mjpeg @ 04f39240] vbv buffer overflow
[mjpeg @ 04f39240] vbv buffer overflow
[mjpeg @ 04f39240] vbv buffer overflow
[mjpeg @ 04f39240] vbv buffer overflow
[mjpeg @ 04f39240] vbv buffer overflow
[mjpeg @ 04f39240] vbv buffer overflow
[mjpeg @ 04f39240] vbv buffer overflow
[mjpeg @ 04f39240] vbv buffer overflow
[mjpeg @ 04f39240] vbv buffer overflow
[mjpeg @ 04f39240] vbv buffer overflow
[mjpeg @ 04f39240] vbv buffer overflow
[mjpeg @ 04f39240] vbv buffer overflow
[mjpeg @ 04f39240] vbv buffer overflow
[mjpeg @ 04f39240] vbv buffer overflow
[mjpeg @ 04f39240] vbv buffer overflow
[mjpeg @ 04f39240] vbv buffer overflow
[mjpeg @ 04f39240] vbv buffer overflow
[mjpeg @ 04f39240] vbv buffer overflow
[mjpeg @ 04f39240] vbv buffer overflow
[mjpeg @ 04f39240] vbv buffer overflow
[mjpeg @ 04f39240] vbv buffer overflow
[mjpeg @ 04f39240] vbv buffer overflow
[mjpeg @ 04f39240] vbv buffer overflow
[mjpeg @ 04f39240] vbv buffer overflow
[mjpeg @ 04f39240] vbv buffer overflow
[mjpeg @ 04f39240] vbv buffer overflow
[mjpeg @ 04f39240] vbv buffer overflow
[mjpeg @ 04f39240] vbv buffer overflow
[mjpeg @ 04f39240] vbv buffer overflow
[mjpeg @ 04f39240] vbv buffer overflow
[mjpeg @ 04f39240] vbv buffer overflow
[mjpeg @ 04f39240] vbv buffer overflow
[mjpeg @ 04f39240] vbv buffer overflow
[mjpeg @ 04f39240] vbv buffer overflow
[mjpeg @ 04f39240] vbv buffer overflow
[mjpeg @ 04f39240] vbv buffer overflow
[mjpeg @ 04f39240] vbv buffer overflow
[mjpeg @ 04f39240] vbv buffer overflow
[mjpeg @ 04f39240] vbv buffer overflow
[mjpeg @ 04f39240] vbv buffer overflow
[mjpeg @ 04f39240] vbv buffer overflow
[mjpeg @ 04f39240] vbv buffer overflow
[mjpeg @ 04f39240] vbv buffer overflow
[mjpeg @ 04f39240] vbv buffer overflow
[mjpeg @ 04f39240] vbv buffer overflow
[mjpeg @ 04f39240] vbv buffer overflow
[mjpeg @ 04f39240] vbv buffer overflow
[mjpeg @ 04f39240] vbv buffer overflow
[mjpeg @ 04f39240] vbv buffer overflow
[mjpeg @ 04f39240] vbv buffer overflow
[mjpeg @ 04f39240] vbv buffer overflow
[mjpeg @ 04f39240] vbv buffer overflow
[mjpeg @ 04f39240] vbv buffer overflow
[mjpeg @ 04f39240] vbv buffer overflow
[mjpeg @ 04f39240] vbv buffer overflow
[mjpeg @ 04f39240] vbv buffer overflow
[mjpeg @ 04f39240] vbv buffer overflow
[mjpeg @ 04f39240] vbv buffer overflow
[mjpeg @ 04f39240] vbv buffer overflow
[mjpeg @ 04f39240] vbv buffer overflow
[mjpeg @ 04f39240] vbv buffer overflow
[mjpeg @ 04f39240] vbv buffer overflow
[mjpeg @ 04f39240] vbv buffer overflow
[mjpeg @ 04f39240] vbv buffer overflow
[mjpeg @ 04f39240] vbv buffer overflow
[mjpeg @ 04f39240] vbv buffer overflow
[mjpeg @ 04f39240] vbv buffer overflow
[mjpeg @ 04f39240] vbv buffer overflow
[mjpeg @ 04f39240] vbv buffer overflow
[mjpeg @ 04f39240] vbv buffer overflow
[mjpeg @ 04f39240] vbv buffer overflow
[mjpeg @ 04f39240] vbv buffer overflow
[mjpeg @ 04f39240] vbv buffer overflow
[mjpeg @ 04f39240] vbv buffer overflow
[mjpeg @ 04f39240] vbv buffer overflow
[mjpeg @ 04f39240] vbv buffer overflow
[mjpeg @ 04f39240] vbv buffer overflow
[mjpeg @ 04f39240] vbv buffer overflow
[mjpeg @ 04f39240] vbv buffer overflow
[mjpeg @ 04f39240] vbv buffer overflow
[mjpeg @ 04f39240] vbv buffer overflow
[mjpeg @ 04f39240] vbv buffer overflow
[mjpeg @ 04f39240] vbv buffer overflow
[mjpeg @ 04f39240] vbv buffer overflow
[mjpeg @ 04f39240] vbv buffer overflow
[mjpeg @ 04f39240] vbv buffer overflow
[mjpeg @ 04f39240] vbv buffer overflow
[mjpeg @ 04f39240] vbv buffer overflow
[mjpeg @ 04f39240] vbv buffer overflow
[mjpeg @ 04f39240] vbv buffer overflow
[mjpeg @ 04f39240] vbv buffer overflow
[mjpeg @ 04f39240] vbv buffer overflow
[mjpeg @ 04f39240] vbv buffer overflow
[mjpeg @ 04f39240] vbv buffer overflow
[mjpeg @ 04f39240] vbv buffer overflow
[mjpeg @ 04f39240] vbv buffer overflow
[mjpeg @ 04f39240] vbv buffer overflow
[mjpeg @ 04f39240] vbv buffer overflow
[mjpeg @ 04f39240] vbv buffer overflow
[mjpeg @ 04f39240] vbv buffer overflow
[mjpeg @ 04f39240] vbv buffer overflow
[mjpeg @ 04f39240] vbv buffer overflow
[mjpeg @ 04f39240] vbv buffer overflow
[mjpeg @ 04f39240] vbv buffer overflow
[mjpeg @ 04f39240] vbv buffer overflow
[mjpeg @ 04f39240] vbv buffer overflow
[mjpeg @ 04f39240] vbv buffer overflow
[mjpeg @ 04f39240] vbv buffer overflow
[mjpeg @ 04f39240] vbv buffer overflow
[mjpeg @ 04f39240] vbv buffer overflow
[mjpeg @ 04f39240] vbv buffer overflow
[mjpeg @ 04f39240] vbv buffer overflow
[mjpeg @ 04f39240] vbv buffer overflow
[mjpeg @ 04f39240] vbv buffer overflow
[mjpeg @ 04f39240] vbv buffer overflow
[mjpeg @ 04f39240] vbv buffer overflow
[mjpeg @ 04f39240] vbv buffer overflow
[mjpeg @ 04f39240] vbv buffer overflow
[mjpeg @ 04f39240] vbv buffer overflow
[mjpeg @ 04f39240] vbv buffer overflow
[mjpeg @ 04f39240] vbv buffer overflow
[mjpeg @ 04f39240] vbv buffer overflow
[mjpeg @ 04f39240] vbv buffer overflow
[mjpeg @ 04f39240] vbv buffer overflow
[mjpeg @ 04f39240] vbv buffer overflow
[mjpeg @ 04f39240] vbv buffer overflow
[mjpeg @ 04f39240] vbv buffer overflow
[mjpeg @ 04f39240] vbv buffer overflow
[mjpeg @ 04f39240] vbv buffer overflow
[mjpeg @ 04f39240] vbv buffer overflow
[mjpeg @ 04f39240] vbv buffer overflow
[mjpeg @ 04f39240] vbv buffer overflow
[mjpeg @ 04f39240] vbv buffer overflow
[mjpeg @ 04f39240] vbv buffer overflow
[mjpeg @ 04f39240] vbv buffer overflow
[mjpeg @ 04f39240] vbv buffer overflow
[mjpeg @ 04f39240] vbv buffer overflow
[mjpeg @ 04f39240] vbv buffer overflow
[mjpeg @ 04f39240] vbv buffer overflow
[mjpeg @ 04f39240] vbv buffer overflow
[mjpeg @ 04f39240] vbv buffer overflow
[mjpeg @ 04f39240] vbv buffer overflow
[mjpeg @ 04f39240] vbv buffer overflow
[mjpeg @ 04f39240] vbv buffer overflow
[mjpeg @ 04f39240] vbv buffer overflow
[mjpeg @ 04f39240] vbv buffer overflow
[mjpeg @ 04f39240] vbv buffer overflow
[mjpeg @ 04f39240] vbv buffer overflow
[mjpeg @ 04f39240] vbv buffer overflow
[mjpeg @ 04f39240] vbv buffer overflow
[mjpeg @ 04f39240] vbv buffer overflow
[mjpeg @ 04f39240] vbv buffer overflow
[mjpeg @ 04f39240] vbv buffer overflow
[mjpeg @ 04f39240] vbv buffer overflow
[mjpeg @ 04f39240] vbv buffer overflow
[mjpeg @ 04f39240] vbv buffer overflow
[mjpeg @ 04f39240] vbv buffer overflow
[mjpeg @ 04f39240] vbv buffer overflow
[mjpeg @ 04f39240] vbv buffer overflow
[mjpeg @ 04f39240] vbv buffer overflow
[mjpeg @ 04f39240] vbv buffer overflow
[mjpeg @ 04f39240] vbv buffer overflow
[mjpeg @ 04f39240] vbv buffer overflow
[mjpeg @ 04f39240] vbv buffer overflow
[mjpeg @ 04f39240] vbv buffer overflow
[mjpeg @ 04f39240] vbv buffer overflow
[mjpeg @ 04f39240] vbv buffer overflow
[mjpeg @ 04f39240] vbv buffer overflow
[mjpeg @ 04f39240] vbv buffer overflow
[mjpeg @ 04f39240] vbv buffer overflow
[mjpeg @ 04f39240] vbv buffer overflow
[mjpeg @ 04f39240] vbv buffer overflow
[mjpeg @ 04f39240] vbv buffer overflow
[mjpeg @ 04f39240] vbv buffer overflow
[mjpeg @ 04f39240] vbv buffer overflow
[mjpeg @ 04f39240] vbv buffer overflow
[mjpeg @ 04f39240] vbv buffer overflow
[mjpeg @ 04f39240] vbv buffer overflow
[mjpeg @ 04f39240] vbv buffer overflow
[mjpeg @ 04f39240] vbv buffer overflow
[mjpeg @ 04f39240] vbv buffer overflow
[mjpeg @ 04f39240] vbv buffer overflow
[mjpeg @ 04f39240] vbv buffer overflow
[mjpeg @ 04f39240] vbv buffer overflow
[mjpeg @ 04f39240] vbv buffer overflow
[mjpeg @ 04f39240] vbv buffer overflow
[mjpeg @ 04f39240] vbv buffer overflow
[mjpeg @ 04f39240] vbv buffer overflow
[mjpeg @ 04f39240] vbv buffer overflow
[mjpeg @ 04f39240] vbv buffer overflow
[mjpeg @ 04f39240] vbv buffer overflow
[mjpeg @ 04f39240] vbv buffer overflow
[mjpeg @ 04f39240] vbv buffer overflow
[mjpeg @ 04f39240] vbv buffer overflow
[mjpeg @ 04f39240] vbv buffer overflow
[mjpeg @ 04f39240] vbv buffer overflow
[mjpeg @ 04f39240] vbv buffer overflow
[mjpeg @ 04f39240] vbv buffer overflow
[mjpeg @ 04f39240] vbv buffer overflow
[mjpeg @ 04f39240] vbv buffer overflow
[mjpeg @ 04f39240] vbv buffer overflow
[mjpeg @ 04f39240] vbv buffer overflow
[mjpeg @ 04f39240] vbv buffer overflow
[mjpeg @ 04f39240] vbv buffer overflow
[mjpeg @ 04f39240] vbv buffer overflow
[mjpeg @ 04f39240] vbv buffer overflow
[mjpeg @ 04f39240] vbv buffer overflow
[mjpeg @ 04f39240] vbv buffer overflow
[mjpeg @ 04f39240] vbv buffer overflow
[mjpeg @ 04f39240] vbv buffer overflow
[mjpeg @ 04f39240] vbv buffer overflow
[mjpeg @ 04f39240] vbv buffer overflow
[mjpeg @ 04f39240] vbv buffer overflow
[mjpeg @ 04f39240] vbv buffer overflow
[mjpeg @ 04f39240] vbv buffer overflow
[mjpeg @ 04f39240] vbv buffer overflow
[mjpeg @ 04f39240] vbv buffer overflow
[mjpeg @ 04f39240] vbv buffer overflow
[mjpeg @ 04f39240] vbv buffer overflow
[mjpeg @ 04f39240] vbv buffer overflow
[mjpeg @ 04f39240] vbv buffer overflow
[mjpeg @ 04f39240] vbv buffer overflow
[mjpeg @ 04f39240] vbv buffer overflow
[mjpeg @ 04f39240] vbv buffer overflow
[mjpeg @ 04f39240] vbv buffer overflow
[mjpeg @ 04f39240] vbv buffer overflow
[mjpeg @ 04f39240] vbv buffer overflow
[mjpeg @ 04f39240] vbv buffer overflow
[mjpeg @ 04f39240] vbv buffer overflow
[mjpeg @ 04f39240] vbv buffer overflow
[mjpeg @ 04f39240] vbv buffer overflow
[mjpeg @ 04f39240] vbv buffer overflow
[mjpeg @ 04f39240] vbv buffer overflow
[mjpeg @ 04f39240] vbv buffer overflow
[mjpeg @ 04f39240] vbv buffer overflow
[mjpeg @ 04f39240] vbv buffer overflow
[mjpeg @ 04f39240] vbv buffer overflow
[mjpeg @ 04f39240] vbv buffer overflow
[mjpeg @ 04f39240] vbv buffer overflow
[mjpeg @ 04f39240] vbv buffer overflow
[mjpeg @ 04f39240] vbv buffer overflow
[mjpeg @ 04f39240] vbv buffer overflow
[mjpeg @ 04f39240] vbv buffer overflow
[mjpeg @ 04f39240] vbv buffer overflow
[mjpeg @ 04f39240] vbv buffer overflow
[mjpeg @ 04f39240] vbv buffer overflow
[mjpeg @ 04f39240] vbv buffer overflow
[mjpeg @ 04f39240] vbv buffer overflow
[mjpeg @ 04f39240] vbv buffer overflow
[mjpeg @ 04f39240] vbv buffer overflow
[mjpeg @ 04f39240] vbv buffer overflow
[mjpeg @ 04f39240] vbv buffer overflow
[mjpeg @ 04f39240] vbv buffer overflow
[mjpeg @ 04f39240] vbv buffer overflow
[mjpeg @ 04f39240] vbv buffer overflow
[mjpeg @ 04f39240] vbv buffer overflow
[mjpeg @ 04f39240] vbv buffer overflow
[mjpeg @ 04f39240] vbv buffer overflow
[mjpeg @ 04f39240] vbv buffer overflow
[mjpeg @ 04f39240] vbv buffer overflow
[mjpeg @ 04f39240] vbv buffer overflow
[mjpeg @ 04f39240] vbv buffer overflow
[mjpeg @ 04f39240] vbv buffer overflow
[mjpeg @ 04f39240] vbv buffer overflow
[mjpeg @ 04f39240] vbv buffer overflow
[mjpeg @ 04f39240] vbv buffer overflow
[mjpeg @ 04f39240] vbv buffer overflow
[mjpeg @ 04f39240] vbv buffer overflow
[mjpeg @ 04f39240] vbv buffer overflow
[mjpeg @ 04f39240] vbv buffer overflow
[mjpeg @ 04f39240] vbv buffer overflow
[mjpeg @ 04f39240] vbv buffer overflow
[mjpeg @ 04f39240] vbv buffer overflow
[mjpeg @ 04f39240] vbv buffer overflow
[mjpeg @ 04f39240] vbv buffer overflow
[mjpeg @ 04f39240] vbv buffer overflow
[mjpeg @ 04f39240] vbv buffer overflow
[mjpeg @ 04f39240] vbv buffer overflow
[mjpeg @ 04f39240] vbv buffer overflow
[mjpeg @ 04f39240] vbv buffer overflow
[mjpeg @ 04f39240] vbv buffer overflow
[mjpeg @ 04f39240] vbv buffer overflow
[mjpeg @ 04f39240] vbv buffer overflow
[mjpeg @ 04f39240] vbv buffer overflow
[mjpeg @ 04f39240] vbv buffer overflow
[mjpeg @ 04f39240] vbv buffer overflow
[mjpeg @ 04f39240] vbv buffer overflow
[mjpeg @ 04f39240] vbv buffer overflow
[mjpeg @ 04f39240] vbv buffer overflow
[mjpeg @ 04f39240] vbv buffer overflow
[mjpeg @ 04f39240] vbv buffer overflow
[mjpeg @ 04f39240] vbv buffer overflow
[mjpeg @ 04f39240] vbv buffer overflow
[mjpeg @ 04f39240] vbv buffer overflow
[mjpeg @ 04f39240] vbv buffer overflow
[mjpeg @ 04f39240] vbv buffer overflow
[mjpeg @ 04f39240] vbv buffer overflow
[mjpeg @ 04f39240] vbv buffer overflow
[mjpeg @ 04f39240] vbv buffer overflow
[mjpeg @ 04f39240] vbv buffer overflow
[mjpeg @ 04f39240] vbv buffer overflow
[mjpeg @ 04f39240] vbv buffer overflow
[mjpeg @ 04f39240] vbv buffer overflow
[mjpeg @ 04f39240] vbv buffer overflow
[mjpeg @ 04f39240] vbv buffer overflow
[mjpeg @ 04f39240] vbv buffer overflow
[mjpeg @ 04f39240] vbv buffer overflow
[mjpeg @ 04f39240] vbv buffer overflow
[mjpeg @ 04f39240] vbv buffer overflow
[mjpeg @ 04f39240] vbv buffer overflow
[mjpeg @ 04f39240] vbv buffer overflow
[mjpeg @ 04f39240] vbv buffer overflow
[mjpeg @ 04f39240] vbv buffer overflow
[mjpeg @ 04f39240] vbv buffer overflow
[mjpeg @ 04f39240] vbv buffer overflow
[mjpeg @ 04f39240] vbv buffer overflow
[mjpeg @ 04f39240] vbv buffer overflow
[mjpeg @ 04f39240] vbv buffer overflow
[mjpeg @ 04f39240] vbv buffer overflow
[mjpeg @ 04f39240] vbv buffer overflow
[mjpeg @ 04f39240] vbv buffer overflow
[mjpeg @ 04f39240] vbv buffer overflow
[mjpeg @ 04f39240] vbv buffer overflow
[mjpeg @ 04f39240] vbv buffer overflow
[mjpeg @ 04f39240] vbv buffer overflow
[mjpeg @ 04f39240] vbv buffer overflow
[mjpeg @ 04f39240] vbv buffer overflow
[mjpeg @ 04f39240] vbv buffer overflow
[mjpeg @ 04f39240] vbv buffer overflow
[mjpeg @ 04f39240] vbv buffer overflow
[mjpeg @ 04f39240] vbv buffer overflow
[mjpeg @ 04f39240] vbv buffer overflow
[mjpeg @ 04f39240] vbv buffer overflow
[mjpeg @ 04f39240] vbv buffer overflow
[mjpeg @ 04f39240] vbv buffer overflow
[mjpeg @ 04f39240] vbv buffer overflow
[mjpeg @ 04f39240] vbv buffer overflow
[mjpeg @ 04f39240] vbv buffer overflow
[mjpeg @ 04f39240] vbv buffer overflow
[mjpeg @ 04f39240] vbv buffer overflow
[mjpeg @ 04f39240] vbv buffer overflow
[mjpeg @ 04f39240] vbv buffer overflow
[mjpeg @ 04f39240] vbv buffer overflow
[mjpeg @ 04f39240] vbv buffer overflow
[mjpeg @ 04f39240] vbv buffer overflow
[mjpeg @ 04f39240] vbv buffer overflow
[mjpeg @ 04f39240] vbv buffer overflow
[mjpeg @ 04f39240] vbv buffer overflow
[mjpeg @ 04f39240] vbv buffer overflow
[mjpeg @ 04f39240] vbv buffer overflow
[mjpeg @ 04f39240] vbv buffer overflow
[mjpeg @ 04f39240] vbv buffer overflow
[mjpeg @ 04f39240] vbv buffer overflow
[mjpeg @ 04f39240] vbv buffer overflow
[mjpeg @ 04f39240] vbv buffer overflow
[mjpeg @ 04f39240] vbv buffer overflow
[mjpeg @ 04f39240] vbv buffer overflow
[mjpeg @ 04f39240] vbv buffer overflow
[mjpeg @ 04f39240] vbv buffer overflow
[mjpeg @ 04f39240] vbv buffer overflow
[mjpeg @ 04f39240] vbv buffer overflow
[mjpeg @ 04f39240] vbv buffer overflow
[mjpeg @ 04f39240] vbv buffer overflow
[mjpeg @ 04f39240] vbv buffer overflow
[mjpeg @ 04f39240] vbv buffer overflow
[mjpeg @ 04f39240] vbv buffer overflow
[mjpeg @ 04f39240] vbv buffer overflow
[mjpeg @ 04f39240] vbv buffer overflow
[mjpeg @ 04f39240] vbv buffer overflow
[mjpeg @ 04f39240] vbv buffer overflow
[mjpeg @ 04f39240] vbv buffer overflow
[mjpeg @ 04f39240] vbv buffer overflow
[mjpeg @ 04f39240] vbv buffer overflow
[mjpeg @ 04f39240] vbv buffer overflow
[mjpeg @ 04f39240] vbv buffer overflow
[mjpeg @ 04f39240] vbv buffer overflow
[mjpeg @ 04f39240] vbv buffer overflow
[mjpeg @ 04f39240] vbv buffer overflow
[mjpeg @ 04f39240] vbv buffer overflow
[mjpeg @ 04f39240] vbv buffer overflow
[mjpeg @ 04f39240] vbv buffer overflow
[mjpeg @ 04f39240] vbv buffer overflow
[mjpeg @ 04f39240] vbv buffer overflow
[mjpeg @ 04f39240] vbv buffer overflow
[mjpeg @ 04f39240] vbv buffer overflow
[mjpeg @ 04f39240] vbv buffer overflow
[mjpeg @ 04f39240] vbv buffer overflow
[mjpeg @ 04f39240] vbv buffer overflow
[mjpeg @ 04f39240] vbv buffer overflow
[mjpeg @ 04f39240] vbv buffer overflow
[mjpeg @ 04f39240] vbv buffer overflow
[mjpeg @ 04f39240] vbv buffer overflow
[mjpeg @ 04f39240] vbv buffer overflow
[mjpeg @ 04f39240] vbv buffer overflow
[mjpeg @ 04f39240] vbv buffer overflow
[mjpeg @ 04f39240] vbv buffer overflow
[mjpeg @ 04f39240] vbv buffer overflow
[mjpeg @ 04f39240] vbv buffer overflow
[mjpeg @ 04f39240] vbv buffer overflow
[mjpeg @ 04f39240] vbv buffer overflow
[mjpeg @ 04f39240] vbv buffer overflow
[mjpeg @ 04f39240] vbv buffer overflow
[mjpeg @ 04f39240] vbv buffer overflow
[mjpeg @ 04f39240] vbv buffer overflow
[mjpeg @ 04f39240] vbv buffer overflow
[mjpeg @ 04f39240] vbv buffer overflow
[mjpeg @ 04f39240] vbv buffer overflow
[mjpeg @ 04f39240] vbv buffer overflow
[mjpeg @ 04f39240] vbv buffer overflow
[mjpeg @ 04f39240] vbv buffer overflow
[mjpeg @ 04f39240] vbv buffer overflow
[mjpeg @ 04f39240] vbv buffer overflow
[mjpeg @ 04f39240] vbv buffer overflow
[mjpeg @ 04f39240] vbv buffer overflow
[mjpeg @ 04f39240] vbv buffer overflow
[mjpeg @ 04f39240] vbv buffer overflow
[mjpeg @ 04f39240] vbv buffer overflow
[mjpeg @ 04f39240] vbv buffer overflow
[mjpeg @ 04f39240] vbv buffer overflow
[mjpeg @ 04f39240] vbv buffer overflow
[mjpeg @ 04f39240] vbv buffer overflow
[mjpeg @ 04f39240] vbv buffer overflow
[mjpeg @ 04f39240] vbv buffer overflow
[mjpeg @ 04f39240] vbv buffer overflow
[mjpeg @ 04f39240] vbv buffer overflow
[mjpeg @ 04f39240] vbv buffer overflow
[mjpeg @ 04f39240] vbv buffer overflow
[mjpeg @ 04f39240] vbv buffer overflow
[mjpeg @ 04f39240] vbv buffer overflow
[mjpeg @ 04f39240] vbv buffer overflow
[mjpeg @ 04f39240] vbv buffer overflow
[mjpeg @ 04f39240] vbv buffer overflow
[mjpeg @ 04f39240] vbv buffer overflow
[mjpeg @ 04f39240] vbv buffer overflow
[mjpeg @ 04f39240] vbv buffer overflow
[mjpeg @ 04f39240] vbv buffer overflow
[mjpeg @ 04f39240] vbv buffer overflow
[mjpeg @ 04f39240] vbv buffer overflow
[mjpeg @ 04f39240] vbv buffer overflow
[mjpeg @ 04f39240] vbv buffer overflow
[mjpeg @ 04f39240] vbv buffer overflow
[mjpeg @ 04f39240] vbv buffer overflow
[mjpeg @ 04f39240] vbv buffer overflow
[mjpeg @ 04f39240] vbv buffer overflow
[mjpeg @ 04f39240] vbv buffer overflow
[mjpeg @ 04f39240] vbv buffer overflow
[mjpeg @ 04f39240] vbv buffer overflow
[mjpeg @ 04f39240] vbv buffer overflow
[mjpeg @ 04f39240] vbv buffer overflow
[mjpeg @ 04f39240] vbv buffer overflow
[mjpeg @ 04f39240] vbv buffer overflow
[mjpeg @ 04f39240] vbv buffer overflow
[mjpeg @ 04f39240] vbv buffer overflow
[mjpeg @ 04f39240] vbv buffer overflow
[mjpeg @ 04f39240] vbv buffer overflow
[mjpeg @ 04f39240] vbv buffer overflow
[mjpeg @ 04f39240] vbv buffer overflow
[mjpeg @ 04f39240] vbv buffer overflow
[mjpeg @ 04f39240] vbv buffer overflow
[mjpeg @ 04f39240] vbv buffer overflow
[mjpeg @ 04f39240] vbv buffer overflow
[mjpeg @ 04f39240] vbv buffer overflow
[mjpeg @ 04f39240] vbv buffer overflow
[mjpeg @ 04f39240] vbv buffer overflow
[mjpeg @ 04f39240] vbv buffer overflow
[mjpeg @ 04f39240] vbv buffer overflow
[mjpeg @ 04f39240] vbv buffer overflow
[mjpeg @ 04f39240] vbv buffer overflow
[mjpeg @ 04f39240] vbv buffer overflow
[mjpeg @ 04f39240] vbv buffer overflow
[mjpeg @ 04f39240] vbv buffer overflow
[mjpeg @ 04f39240] vbv buffer overflow
[mjpeg @ 04f39240] vbv buffer overflow
[mjpeg @ 04f39240] vbv buffer overflow
[mjpeg @ 04f39240] vbv buffer overflow
[mjpeg @ 04f39240] vbv buffer overflow
[mjpeg @ 04f39240] vbv buffer overflow
[mjpeg @ 04f39240] vbv buffer overflow
[mjpeg @ 04f39240] vbv buffer overflow
[mjpeg @ 04f39240] vbv buffer overflow
[mjpeg @ 04f39240] vbv buffer overflow
[mjpeg @ 04f39240] vbv buffer overflow
[mjpeg @ 04f39240] vbv buffer overflow
[mjpeg @ 04f39240] vbv buffer overflow
[mjpeg @ 04f39240] vbv buffer overflow
[mjpeg @ 04f39240] vbv buffer overflow
[mjpeg @ 04f39240] vbv buffer overflow
[mjpeg @ 04f39240] vbv buffer overflow
[mjpeg @ 04f39240] vbv buffer overflow
[mjpeg @ 04f39240] vbv buffer overflow
[mjpeg @ 04f39240] vbv buffer overflow
[mjpeg @ 04f39240] vbv buffer overflow
[mjpeg @ 04f39240] vbv buffer overflow
[mjpeg @ 04f39240] vbv buffer overflow
[mjpeg @ 04f39240] vbv buffer overflow
[mjpeg @ 04f39240] vbv buffer overflow
[mjpeg @ 04f39240] vbv buffer overflow
[mjpeg @ 04f39240] vbv buffer overflow
[mjpeg @ 04f39240] vbv buffer overflow
[mjpeg @ 04f39240] vbv buffer overflow
[mjpeg @ 04f39240] vbv buffer overflow
[mjpeg @ 04f39240] vbv buffer overflow
[mjpeg @ 04f39240] vbv buffer overflow
[mjpeg @ 04f39240] vbv buffer overflow
[mjpeg @ 04f39240] vbv buffer overflow
[mjpeg @ 04f39240] vbv buffer overflow
[mjpeg @ 04f39240] vbv buffer overflow
[mjpeg @ 04f39240] vbv buffer overflow
[mjpeg @ 04f39240] vbv buffer overflow
[mjpeg @ 04f39240] vbv buffer overflow
[mjpeg @ 04f39240] vbv buffer overflow
[mjpeg @ 04f39240] vbv buffer overflow
[mjpeg @ 04f39240] vbv buffer overflow
[mjpeg @ 04f39240] vbv buffer overflow
[mjpeg @ 04f39240] vbv buffer overflow
[mjpeg @ 04f39240] vbv buffer overflow
[mjpeg @ 04f39240] vbv buffer overflow
[mjpeg @ 04f39240] vbv buffer overflow
[mjpeg @ 04f39240] vbv buffer overflow
[mjpeg @ 04f39240] vbv buffer overflow
[mjpeg @ 04f39240] vbv buffer overflow
[mjpeg @ 04f39240] vbv buffer overflow
[mjpeg @ 04f39240] vbv buffer overflow
[mjpeg @ 04f39240] vbv buffer overflow
[mjpeg @ 04f39240] vbv buffer overflow
[mjpeg @ 04f39240] vbv buffer overflow
[mjpeg @ 04f39240] vbv buffer overflow
[mjpeg @ 04f39240] vbv buffer overflow
[mjpeg @ 04f39240] vbv buffer overflow
[mjpeg @ 04f39240] vbv buffer overflow
[mjpeg @ 04f39240] vbv buffer overflow
[mjpeg @ 04f39240] vbv buffer overflow
[mjpeg @ 04f39240] vbv buffer overflow
[mjpeg @ 04f39240] vbv buffer overflow
[mjpeg @ 04f39240] vbv buffer overflow
[mjpeg @ 04f39240] vbv buffer overflow
[mjpeg @ 04f39240] vbv buffer overflow
[mjpeg @ 04f39240] vbv buffer overflow
[mjpeg @ 04f39240] vbv buffer overflow
[mjpeg @ 04f39240] vbv buffer overflow
[mjpeg @ 04f39240] vbv buffer overflow
[mjpeg @ 04f39240] vbv buffer overflow
[mjpeg @ 04f39240] vbv buffer overflow
[mjpeg @ 04f39240] vbv buffer overflow
[mjpeg @ 04f39240] vbv buffer overflow
[mjpeg @ 04f39240] vbv buffer overflow
[mjpeg @ 04f39240] vbv buffer overflow
[mjpeg @ 04f39240] vbv buffer overflow
[mjpeg @ 04f39240] vbv buffer overflow
[mjpeg @ 04f39240] vbv buffer overflow
[mjpeg @ 04f39240] vbv buffer overflow
[mjpeg @ 04f39240] vbv buffer overflow
[mjpeg @ 04f39240] vbv buffer overflow
[mjpeg @ 04f39240] vbv buffer overflow
[mjpeg @ 04f39240] vbv buffer overflow
[mjpeg @ 04f39240] vbv buffer overflow
[mjpeg @ 04f39240] vbv buffer overflow
[mjpeg @ 04f39240] vbv buffer overflow
[mjpeg @ 04f39240] vbv buffer overflow
[mjpeg @ 04f39240] vbv buffer overflow
[mjpeg @ 04f39240] vbv buffer overflow
[mjpeg @ 04f39240] vbv buffer overflow
[mjpeg @ 04f39240] vbv buffer overflow
[mjpeg @ 04f39240] vbv buffer overflow
[mjpeg @ 04f39240] vbv buffer overflow
[mjpeg @ 04f39240] vbv buffer overflow
[mjpeg @ 04f39240] vbv buffer overflow
[mjpeg @ 04f39240] vbv buffer overflow
[mjpeg @ 04f39240] vbv buffer overflow
[mjpeg @ 04f39240] vbv buffer overflow
[mjpeg @ 04f39240] vbv buffer overflow
[mjpeg @ 04f39240] vbv buffer overflow
[mjpeg @ 04f39240] vbv buffer overflow
[mjpeg @ 04f39240] vbv buffer overflow
[mjpeg @ 04f39240] vbv buffer overflow
[mjpeg @ 04f39240] vbv buffer overflow
[mjpeg @ 04f39240] vbv buffer overflow
[mjpeg @ 04f39240] vbv buffer overflow
[mjpeg @ 04f39240] vbv buffer overflow
[mjpeg @ 04f39240] vbv buffer overflow
[mjpeg @ 04f39240] vbv buffer overflow
[mjpeg @ 04f39240] vbv buffer overflow
[mjpeg @ 04f39240] vbv buffer overflow
[mjpeg @ 04f39240] vbv buffer overflow
[mjpeg @ 04f39240] vbv buffer overflow
[mjpeg @ 04f39240] vbv buffer overflow
[mjpeg @ 04f39240] vbv buffer overflow
[mjpeg @ 04f39240] vbv buffer overflow
[mjpeg @ 04f39240] vbv buffer overflow
[mjpeg @ 04f39240] vbv buffer overflow
[mjpeg @ 04f39240] vbv buffer overflow
[mjpeg @ 04f39240] vbv buffer overflow
[mjpeg @ 04f39240] vbv buffer overflow
[mjpeg @ 04f39240] vbv buffer overflow
[mjpeg @ 04f39240] vbv buffer overflow
[mjpeg @ 04f39240] vbv buffer overflow
[mjpeg @ 04f39240] vbv buffer overflow
[mjpeg @ 04f39240] vbv buffer overflow
[mjpeg @ 04f39240] vbv buffer overflow
[mjpeg @ 04f39240] vbv buffer overflow
[mjpeg @ 04f39240] vbv buffer overflow
[mjpeg @ 04f39240] vbv buffer overflow
[mjpeg @ 04f39240] vbv buffer overflow
[mjpeg @ 04f39240] vbv buffer overflow
[mjpeg @ 04f39240] vbv buffer overflow
[mjpeg @ 04f39240] vbv buffer overflow
[mjpeg @ 04f39240] vbv buffer overflow
[mjpeg @ 04f39240] vbv buffer overflow
[mjpeg @ 04f39240] vbv buffer overflow
[mjpeg @ 04f39240] vbv buffer overflow
[mjpeg @ 04f39240] vbv buffer overflow
[mjpeg @ 04f39240] vbv buffer overflow
[mjpeg @ 04f39240] vbv buffer overflow
[mjpeg @ 04f39240] vbv buffer overflow
[mjpeg @ 04f39240] vbv buffer overflow
[mjpeg @ 04f39240] vbv buffer overflow
[mjpeg @ 04f39240] vbv buffer overflow
[mjpeg @ 04f39240] vbv buffer overflow
[mjpeg @ 04f39240] vbv buffer overflow
[mjpeg @ 04f39240] vbv buffer overflow
[mjpeg @ 04f39240] vbv buffer overflow
[mjpeg @ 04f39240] vbv buffer overflow
[mjpeg @ 04f39240] vbv buffer overflow
[mjpeg @ 04f39240] vbv buffer overflow
[mjpeg @ 04f39240] vbv buffer overflow
[mjpeg @ 04f39240] vbv buffer overflow
[mjpeg @ 04f39240] vbv buffer overflow
[mjpeg @ 04f39240] vbv buffer overflow
[mjpeg @ 04f39240] vbv buffer overflow
[mjpeg @ 04f39240] vbv buffer overflow
[mjpeg @ 04f39240] vbv buffer overflow
[mjpeg @ 04f39240] vbv buffer overflow
[mjpeg @ 04f39240] vbv buffer overflow
[mjpeg @ 04f39240] vbv buffer overflow
[mjpeg @ 04f39240] vbv buffer overflow
[mjpeg @ 04f39240] vbv buffer overflow
[mjpeg @ 04f39240] vbv buffer overflow
[mjpeg @ 04f39240] vbv buffer overflow
[mjpeg @ 04f39240] vbv buffer overflow
[mjpeg @ 04f39240] vbv buffer overflow
[mjpeg @ 04f39240] vbv buffer overflow
[mjpeg @ 04f39240] vbv buffer overflow
[mjpeg @ 04f39240] vbv buffer overflow
[mjpeg @ 04f39240] vbv buffer overflow
[mjpeg @ 04f39240] vbv buffer overflow
[mjpeg @ 04f39240] vbv buffer overflow
[mjpeg @ 04f39240] vbv buffer overflow
[mjpeg @ 04f39240] vbv buffer overflow
[mjpeg @ 04f39240] vbv buffer overflow
[mjpeg @ 04f39240] vbv buffer overflow
[mjpeg @ 04f39240] vbv buffer overflow
[mjpeg @ 04f39240] vbv buffer overflow
[mjpeg @ 04f39240] vbv buffer overflow
[mjpeg @ 04f39240] vbv buffer overflow
[mjpeg @ 04f39240] vbv buffer overflow
[mjpeg @ 04f39240] vbv buffer overflow
[mjpeg @ 04f39240] vbv buffer overflow
[mjpeg @ 04f39240] vbv buffer overflow
[mjpeg @ 04f39240] vbv buffer overflow
[mjpeg @ 04f39240] vbv buffer overflow
[mjpeg @ 04f39240] vbv buffer overflow
[mjpeg @ 04f39240] vbv buffer overflow
[mjpeg @ 04f39240] vbv buffer overflow
[mjpeg @ 04f39240] vbv buffer overflow
[mjpeg @ 04f39240] vbv buffer overflow
[mjpeg @ 04f39240] vbv buffer overflow
[mjpeg @ 04f39240] vbv buffer overflow
[mjpeg @ 04f39240] vbv buffer overflow
[mjpeg @ 04f39240] vbv buffer overflow
[mjpeg @ 04f39240] vbv buffer overflow
[mjpeg @ 04f39240] vbv buffer overflow
[mjpeg @ 04f39240] vbv buffer overflow
[mjpeg @ 04f39240] vbv buffer overflow
[mjpeg @ 04f39240] vbv buffer overflow
[mjpeg @ 04f39240] vbv buffer overflow
[mjpeg @ 04f39240] vbv buffer overflow
[mjpeg @ 04f39240] vbv buffer overflow
[mjpeg @ 04f39240] vbv buffer overflow
[mjpeg @ 04f39240] vbv buffer overflow
[mjpeg @ 04f39240] vbv buffer overflow
[mjpeg @ 04f39240] vbv buffer overflow
[mjpeg @ 04f39240] vbv buffer overflow
[mjpeg @ 04f39240] vbv buffer overflow
[mjpeg @ 04f39240] vbv buffer overflow
[mjpeg @ 04f39240] vbv buffer overflow
[mjpeg @ 04f39240] vbv buffer overflow
[mjpeg @ 04f39240] vbv buffer overflow
[mjpeg @ 04f39240] vbv buffer overflow
[mjpeg @ 04f39240] vbv buffer overflow
[mjpeg @ 04f39240] vbv buffer overflow
[mjpeg @ 04f39240] vbv buffer overflow
[mjpeg @ 04f39240] vbv buffer overflow
[mjpeg @ 04f39240] vbv buffer overflow
[mjpeg @ 04f39240] vbv buffer overflow
[mjpeg @ 04f39240] vbv buffer overflow
[mjpeg @ 04f39240] vbv buffer overflow
[mjpeg @ 04f39240] vbv buffer overflow
[mjpeg @ 04f39240] vbv buffer overflow
[mjpeg @ 04f39240] vbv buffer overflow
[mjpeg @ 04f39240] vbv buffer overflow
[mjpeg @ 04f39240] vbv buffer overflow
[mjpeg @ 04f39240] vbv buffer overflow
[mjpeg @ 04f39240] vbv buffer overflow
[mjpeg @ 04f39240] vbv buffer overflow
[mjpeg @ 04f39240] vbv buffer overflow
[mjpeg @ 04f39240] vbv buffer overflow
[mjpeg @ 04f39240] vbv buffer overflow
[mjpeg @ 04f39240] vbv buffer overflow
[mjpeg @ 04f39240] vbv buffer overflow
[mjpeg @ 04f39240] vbv buffer overflow
[mjpeg @ 04f39240] vbv buffer overflow
[mjpeg @ 04f39240] vbv buffer overflow
[mjpeg @ 04f39240] vbv buffer overflow
[mjpeg @ 04f39240] vbv buffer overflow
[mjpeg @ 04f39240] vbv buffer overflow
[mjpeg @ 04f39240] vbv buffer overflow
[mjpeg @ 04f39240] vbv buffer overflow
[mjpeg @ 04f39240] vbv buffer overflow
[mjpeg @ 04f39240] vbv buffer overflow
[mjpeg @ 04f39240] vbv buffer overflow
[mjpeg @ 04f39240] vbv buffer overflow
[mjpeg @ 04f39240] vbv buffer overflow
[mjpeg @ 04f39240] vbv buffer overflow
[mjpeg @ 04f39240] vbv buffer overflow
[mjpeg @ 04f39240] vbv buffer overflow
[mjpeg @ 04f39240] vbv buffer overflow
[mjpeg @ 04f39240] vbv buffer overflow
[mjpeg @ 04f39240] vbv buffer overflow
[mjpeg @ 04f39240] vbv buffer overflow
[mjpeg @ 04f39240] vbv buffer overflow
[mjpeg @ 04f39240] vbv buffer overflow
[mjpeg @ 04f39240] vbv buffer overflow
[mjpeg @ 04f39240] vbv buffer overflow
[mjpeg @ 04f39240] vbv buffer overflow
[mjpeg @ 04f39240] vbv buffer overflow
[mjpeg @ 04f39240] vbv buffer overflow
[mjpeg @ 04f39240] vbv buffer overflow
[mjpeg @ 04f39240] vbv buffer overflow
[mjpeg @ 04f39240] vbv buffer overflow
[mjpeg @ 04f39240] vbv buffer overflow
[mjpeg @ 04f39240] vbv buffer overflow
[mjpeg @ 04f39240] vbv buffer overflow
[mjpeg @ 04f39240] vbv buffer overflow
[mjpeg @ 04f39240] vbv buffer overflow
[mjpeg @ 04f39240] vbv buffer overflow
[mjpeg @ 04f39240] vbv buffer overflow
[mjpeg @ 04f39240] vbv buffer overflow
[mjpeg @ 04f39240] vbv buffer overflow
[mjpeg @ 04f39240] vbv buffer overflow
[mjpeg @ 04f39240] vbv buffer overflow
[mjpeg @ 04f39240] vbv buffer overflow
[mjpeg @ 04f39240] vbv buffer overflow
[mjpeg @ 04f39240] vbv buffer overflow
[mjpeg @ 04f39240] vbv buffer overflow
[mjpeg @ 04f39240] vbv buffer overflow
[mjpeg @ 04f39240] vbv buffer overflow
[mjpeg @ 04f39240] vbv buffer overflow
[mjpeg @ 04f39240] vbv buffer overflow
[mjpeg @ 04f39240] vbv buffer overflow
[mjpeg @ 04f39240] vbv buffer overflow
[mjpeg @ 04f39240] vbv buffer overflow
[mjpeg @ 04f39240] vbv buffer overflow
[mjpeg @ 04f39240] vbv buffer overflow
[mjpeg @ 04f39240] vbv buffer overflow
[mjpeg @ 04f39240] vbv buffer overflow
[mjpeg @ 04f39240] vbv buffer overflow
[mjpeg @ 04f39240] vbv buffer overflow
[mjpeg @ 04f39240] vbv buffer overflow
[mjpeg @ 04f39240] vbv buffer overflow
[mjpeg @ 04f39240] vbv buffer overflow
[mjpeg @ 04f39240] vbv buffer overflow
[mjpeg @ 04f39240] vbv buffer overflow
[mjpeg @ 04f39240] vbv buffer overflow
[mjpeg @ 04f39240] vbv buffer overflow
[mjpeg @ 04f39240] vbv buffer overflow
[mjpeg @ 04f39240] vbv buffer overflow
[mjpeg @ 04f39240] vbv buffer overflow
[mjpeg @ 04f39240] vbv buffer overflow
[mjpeg @ 04f39240] vbv buffer overflow
[mjpeg @ 04f39240] vbv buffer overflow
[mjpeg @ 04f39240] vbv buffer overflow
[mjpeg @ 04f39240] vbv buffer overflow
[mjpeg @ 04f39240] vbv buffer overflow
[mjpeg @ 04f39240] vbv buffer overflow
[mjpeg @ 04f39240] vbv buffer overflow
[mjpeg @ 04f39240] vbv buffer overflow
[mjpeg @ 04f39240] vbv buffer overflow
[mjpeg @ 04f39240] vbv buffer overflow
[mjpeg @ 04f39240] vbv buffer overflow
[mjpeg @ 04f39240] vbv buffer overflow
[mjpeg @ 04f39240] vbv buffer overflow
[mjpeg @ 04f39240] vbv buffer overflow
[mjpeg @ 04f39240] vbv buffer overflow
[mjpeg @ 04f39240] vbv buffer overflow
[mjpeg @ 04f39240] vbv buffer overflow
[mjpeg @ 04f39240] vbv buffer overflow
[mjpeg @ 04f39240] vbv buffer overflow
[mjpeg @ 04f39240] vbv buffer overflow
[mjpeg @ 04f39240] vbv buffer overflow
[mjpeg @ 04f39240] vbv buffer overflow
[mjpeg @ 04f39240] vbv buffer overflow
[mjpeg @ 04f39240] vbv buffer overflow
[mjpeg @ 04f39240] vbv buffer overflow
[mjpeg @ 04f39240] vbv buffer overflow
[mjpeg @ 04f39240] vbv buffer overflow
[mjpeg @ 04f39240] vbv buffer overflow
[mjpeg @ 04f39240] vbv buffer overflow
[mjpeg @ 04f39240] vbv buffer overflow
[mjpeg @ 04f39240] vbv buffer overflow
[mjpeg @ 04f39240] vbv buffer overflow
[mjpeg @ 04f39240] vbv buffer overflow
[mjpeg @ 04f39240] vbv buffer overflow
[mjpeg @ 04f39240] vbv buffer overflow
[mjpeg @ 04f39240] vbv buffer overflow
[mjpeg @ 04f39240] vbv buffer overflow
[mjpeg @ 04f39240] vbv buffer overflow
[mjpeg @ 04f39240] vbv buffer overflow
[mjpeg @ 04f39240] vbv buffer overflow
[mjpeg @ 04f39240] vbv buffer overflow
[mjpeg @ 04f39240] vbv buffer overflow
[mjpeg @ 04f39240] vbv buffer overflow
[mjpeg @ 04f39240] vbv buffer overflow
[mjpeg @ 04f39240] vbv buffer overflow
[mjpeg @ 04f39240] vbv buffer overflow
[mjpeg @ 04f39240] vbv buffer overflow
[mjpeg @ 04f39240] vbv buffer overflow
[mjpeg @ 04f39240] vbv buffer overflow
[mjpeg @ 04f39240] vbv buffer overflow
[mjpeg @ 04f39240] vbv buffer overflow
[mjpeg @ 04f39240] vbv buffer overflow
[mjpeg @ 04f39240] vbv buffer overflow
[mjpeg @ 04f39240] vbv buffer overflow
[mjpeg @ 04f39240] vbv buffer overflow
[mjpeg @ 04f39240] vbv buffer overflow
[mjpeg @ 04f39240] vbv buffer overflow
[mjpeg @ 04f39240] vbv buffer overflow
[mjpeg @ 04f39240] vbv buffer overflow
[mjpeg @ 04f39240] vbv buffer overflow
[mjpeg @ 04f39240] vbv buffer overflow
[mjpeg @ 04f39240] vbv buffer overflow
[mjpeg @ 04f39240] vbv buffer overflow
[mjpeg @ 04f39240] vbv buffer overflow
[mjpeg @ 04f39240] vbv buffer overflow
[mjpeg @ 04f39240] vbv buffer overflow
[mjpeg @ 04f39240] vbv buffer overflow
[mjpeg @ 04f39240] vbv buffer overflow
[mjpeg @ 04f39240] vbv buffer overflow
[mjpeg @ 04f39240] vbv buffer overflow
[mjpeg @ 04f39240] vbv buffer overflow
[mjpeg @ 04f39240] vbv buffer overflow
[mjpeg @ 04f39240] vbv buffer overflow
[mjpeg @ 04f39240] vbv buffer overflow
[mjpeg @ 04f39240] vbv buffer overflow
[mjpeg @ 04f39240] vbv buffer overflow
[mjpeg @ 04f39240] vbv buffer overflow
[mjpeg @ 04f39240] vbv buffer overflow
[mjpeg @ 04f39240] vbv buffer overflow
[mjpeg @ 04f39240] vbv buffer overflow
[mjpeg @ 04f39240] vbv buffer overflow
[mjpeg @ 04f39240] vbv buffer overflow
[mjpeg @ 04f39240] vbv buffer overflow
[mjpeg @ 04f39240] vbv buffer overflow
[mjpeg @ 04f39240] vbv buffer overflow
[mjpeg @ 04f39240] vbv buffer overflow
[mjpeg @ 04f39240] vbv buffer overflow
[mjpeg @ 04f39240] vbv buffer overflow
[mjpeg @ 04f39240] vbv buffer overflow
[mjpeg @ 04f39240] vbv buffer overflow
[mjpeg @ 04f39240] vbv buffer overflow
[mjpeg @ 04f39240] vbv buffer overflow
[mjpeg @ 04f39240] vbv buffer overflow
[mjpeg @ 04f39240] vbv buffer overflow
[mjpeg @ 04f39240] vbv buffer overflow
[mjpeg @ 04f39240] vbv buffer overflow
[mjpeg @ 04f39240] vbv buffer overflow
[mjpeg @ 04f39240] vbv buffer overflow
[mjpeg @ 04f39240] vbv buffer overflow
[mjpeg @ 04f39240] vbv buffer overflow
[mjpeg @ 04f39240] vbv buffer overflow
[mjpeg @ 04f39240] vbv buffer overflow
[mjpeg @ 04f39240] vbv buffer overflow
[mjpeg @ 04f39240] vbv buffer overflow
[mjpeg @ 04f39240] vbv buffer overflow
[mjpeg @ 04f39240] vbv buffer overflow
[mjpeg @ 04f39240] vbv buffer overflow
[mjpeg @ 04f39240] vbv buffer overflow
[mjpeg @ 04f39240] vbv buffer overflow
[mjpeg @ 04f39240] vbv buffer overflow
[mjpeg @ 04f39240] vbv buffer overflow
[mjpeg @ 04f39240] vbv buffer overflow
[mjpeg @ 04f39240] vbv buffer overflow
[mjpeg @ 04f39240] vbv buffer overflow
[mjpeg @ 04f39240] vbv buffer overflow
[mjpeg @ 04f39240] vbv buffer overflow
[mjpeg @ 04f39240] vbv buffer overflow
[mjpeg @ 04f39240] vbv buffer overflow
[mjpeg @ 04f39240] vbv buffer overflow
[mjpeg @ 04f39240] vbv buffer overflow
[mjpeg @ 04f39240] vbv buffer overflow
[mjpeg @ 04f39240] vbv buffer overflow
[mjpeg @ 04f39240] vbv buffer overflow
[mjpeg @ 04f39240] vbv buffer overflow
[mjpeg @ 04f39240] vbv buffer overflow
[mjpeg @ 04f39240] vbv buffer overflow
[mjpeg @ 04f39240] vbv buffer overflow
[mjpeg @ 04f39240] vbv buffer overflow
[mjpeg @ 04f39240] vbv buffer overflow
[mjpeg @ 04f39240] vbv buffer overflow
[mjpeg @ 04f39240] vbv buffer overflow
[mjpeg @ 04f39240] vbv buffer overflow
[mjpeg @ 04f39240] vbv buffer overflow
[mjpeg @ 04f39240] vbv buffer overflow
[mjpeg @ 04f39240] vbv buffer overflow
[mjpeg @ 04f39240] vbv buffer overflow
[mjpeg @ 04f39240] vbv buffer overflow
[mjpeg @ 04f39240] vbv buffer overflow
[mjpeg @ 04f39240] vbv buffer overflow
[mjpeg @ 04f39240] vbv buffer overflow
[mjpeg @ 04f39240] vbv buffer overflow
[mjpeg @ 04f39240] vbv buffer overflow
[mjpeg @ 04f39240] vbv buffer overflow
[mjpeg @ 04f39240] vbv buffer overflow
[mjpeg @ 04f39240] vbv buffer overflow
[mjpeg @ 04f39240] vbv buffer overflow
[mjpeg @ 04f39240] vbv buffer overflow
[mjpeg @ 04f39240] vbv buffer overflow
[mjpeg @ 04f39240] vbv buffer overflow
[mjpeg @ 04f39240] vbv buffer overflow
[mjpeg @ 04f39240] vbv buffer overflow
[mjpeg @ 04f39240] vbv buffer overflow
[mjpeg @ 04f39240] vbv buffer overflow
[mjpeg @ 04f39240] vbv buffer overflow
[mjpeg @ 04f39240] vbv buffer overflow
[mjpeg @ 04f39240] vbv buffer overflow
[mjpeg @ 04f39240] vbv buffer overflow
[mjpeg @ 04f39240] vbv buffer overflow
[mjpeg @ 04f39240] vbv buffer overflow
[mjpeg @ 04f39240] vbv buffer overflow
[mjpeg @ 04f39240] vbv buffer overflow
[mjpeg @ 04f39240] vbv buffer overflow
[mjpeg @ 04f39240] vbv buffer overflow
[mjpeg @ 04f39240] vbv buffer overflow
[mjpeg @ 04f39240] vbv buffer overflow
[mjpeg @ 04f39240] vbv buffer overflow
[mjpeg @ 04f39240] vbv buffer overflow
[mjpeg @ 04f39240] vbv buffer overflow
[mjpeg @ 04f39240] vbv buffer overflow
[mjpeg @ 04f39240] vbv buffer overflow
[mjpeg @ 04f39240] vbv buffer overflow
[mjpeg @ 04f39240] vbv buffer overflow
[mjpeg @ 04f39240] vbv buffer overflow
[mjpeg @ 04f39240] vbv buffer overflow
[mjpeg @ 04f39240] vbv buffer overflow
[mjpeg @ 04f39240] vbv buffer overflow
[mjpeg @ 04f39240] vbv buffer overflow
[mjpeg @ 04f39240] vbv buffer overflow
[mjpeg @ 04f39240] vbv buffer overflow
[mjpeg @ 04f39240] vbv buffer overflow
[mjpeg @ 04f39240] vbv buffer overflow
[mjpeg @ 04f39240] vbv buffer overflow
[mjpeg @ 04f39240] vbv buffer overflow
[mjpeg @ 04f39240] vbv buffer overflow
[mjpeg @ 04f39240] vbv buffer overflow
[mjpeg @ 04f39240] vbv buffer overflow
[mjpeg @ 04f39240] vbv buffer overflow
[mjpeg @ 04f39240] vbv buffer overflow
[mjpeg @ 04f39240] vbv buffer overflow
[mjpeg @ 04f39240] vbv buffer overflow
[mjpeg @ 04f39240] vbv buffer overflow
[mjpeg @ 04f39240] vbv buffer overflow
[mjpeg @ 04f39240] vbv buffer overflow
[mjpeg @ 04f39240] vbv buffer overflow
[mjpeg @ 04f39240] vbv buffer overflow
[mjpeg @ 04f39240] vbv buffer overflow
[mjpeg @ 04f39240] vbv buffer overflow
[mjpeg @ 04f39240] vbv buffer overflow
[mjpeg @ 04f39240] vbv buffer overflow
[mjpeg @ 04f39240] vbv buffer overflow
[mjpeg @ 04f39240] vbv buffer overflow
[mjpeg @ 04f39240] vbv buffer overflow
[mjpeg @ 04f39240] vbv buffer overflow
[mjpeg @ 04f39240] vbv buffer overflow
[mjpeg @ 04f39240] vbv buffer overflow
[mjpeg @ 04f39240] vbv buffer overflow
[mjpeg @ 04f39240] vbv buffer overflow
[mjpeg @ 04f39240] vbv buffer overflow
[mjpeg @ 04f39240] vbv buffer overflow
[mjpeg @ 04f39240] vbv buffer overflow
[mjpeg @ 04f39240] vbv buffer overflow
[mjpeg @ 04f39240] vbv buffer overflow
[mjpeg @ 04f39240] vbv buffer overflow
[mjpeg @ 04f39240] vbv buffer overflow
[mjpeg @ 04f39240] vbv buffer overflow
[mjpeg @ 04f39240] vbv buffer overflow
[mjpeg @ 04f39240] vbv buffer overflow
[mjpeg @ 04f39240] vbv buffer overflow
[mjpeg @ 04f39240] vbv buffer overflow
[mjpeg @ 04f39240] vbv buffer overflow
[mjpeg @ 04f39240] vbv buffer overflow
[mjpeg @ 04f39240] vbv buffer overflow
[mjpeg @ 04f39240] vbv buffer overflow
[mjpeg @ 04f39240] vbv buffer overflow
[mjpeg @ 04f39240] vbv buffer overflow
[mjpeg @ 04f39240] vbv buffer overflow
[mjpeg @ 04f39240] vbv buffer overflow
[mjpeg @ 04f39240] vbv buffer overflow
[mjpeg @ 04f39240] vbv buffer overflow
[mjpeg @ 04f39240] vbv buffer overflow
[mjpeg @ 04f39240] vbv buffer overflow
[mjpeg @ 04f39240] vbv buffer overflow
[mjpeg @ 04f39240] vbv buffer overflow
[mjpeg @ 04f39240] vbv buffer overflow
[mjpeg @ 04f39240] vbv buffer overflow
[mjpeg @ 04f39240] vbv buffer overflow
[mjpeg @ 04f39240] vbv buffer overflow
[mjpeg @ 04f39240] vbv buffer overflow
[mjpeg @ 04f39240] vbv buffer overflow
[mjpeg @ 04f39240] vbv buffer overflow
[mjpeg @ 04f39240] vbv buffer overflow
[mjpeg @ 04f39240] vbv buffer overflow
[mjpeg @ 04f39240] vbv buffer overflow
[mjpeg @ 04f39240] vbv buffer overflow
[mjpeg @ 04f39240] vbv buffer overflow
[mjpeg @ 04f39240] vbv buffer overflow
[mjpeg @ 04f39240] vbv buffer overflow
[mjpeg @ 04f39240] vbv buffer overflow
[mjpeg @ 04f39240] vbv buffer overflow
[mjpeg @ 04f39240] vbv buffer overflow
[mjpeg @ 04f39240] vbv buffer overflow
[mjpeg @ 04f39240] vbv buffer overflow
[mjpeg @ 04f39240] vbv buffer overflow
[mjpeg @ 04f39240] vbv buffer overflow
[mjpeg @ 04f39240] vbv buffer overflow
[mjpeg @ 04f39240] vbv buffer overflow
[mjpeg @ 04f39240] vbv buffer overflow
[mjpeg @ 04f39240] vbv buffer overflow
[mjpeg @ 04f39240] vbv buffer overflow
[mjpeg @ 04f39240] vbv buffer overflow
[mjpeg @ 04f39240] vbv buffer overflow
[mjpeg @ 04f39240] vbv buffer overflow
[mjpeg @ 04f39240] vbv buffer overflow
[mjpeg @ 04f39240] vbv buffer overflow
[mjpeg @ 04f39240] vbv buffer overflow
[mjpeg @ 04f39240] vbv buffer overflow
[mjpeg @ 04f39240] vbv buffer overflow
[mjpeg @ 04f39240] vbv buffer overflow
[mjpeg @ 04f39240] vbv buffer overflow
[mjpeg @ 04f39240] vbv buffer overflow
[mjpeg @ 04f39240] vbv buffer overflow
[mjpeg @ 04f39240] vbv buffer overflow
[mjpeg @ 04f39240] vbv buffer overflow
[mjpeg @ 04f39240] vbv buffer overflow
[mjpeg @ 04f39240] vbv buffer overflow
[mjpeg @ 04f39240] vbv buffer overflow
[mjpeg @ 04f39240] vbv buffer overflow
[mjpeg @ 04f39240] vbv buffer overflow
[mjpeg @ 04f39240] vbv buffer overflow
[mjpeg @ 04f39240] vbv buffer overflow
[mjpeg @ 04f39240] vbv buffer overflow
[mjpeg @ 04f39240] vbv buffer overflow
[mjpeg @ 04f39240] vbv buffer overflow
[mjpeg @ 04f39240] vbv buffer overflow
[mjpeg @ 04f39240] vbv buffer overflow
[mjpeg @ 04f39240] vbv buffer overflow
[mjpeg @ 04f39240] vbv buffer overflow
[mjpeg @ 04f39240] vbv buffer overflow
[mjpeg @ 04f39240] vbv buffer overflow
[mjpeg @ 04f39240] vbv buffer overflow
[mjpeg @ 04f39240] vbv buffer overflow
[mjpeg @ 04f39240] vbv buffer overflow
[mjpeg @ 04f39240] vbv buffer overflow
[mjpeg @ 04f39240] vbv buffer overflow
[mjpeg @ 04f39240] vbv buffer overflow
[mjpeg @ 04f39240] vbv buffer overflow
[mjpeg @ 04f39240] vbv buffer overflow
[mjpeg @ 04f39240] vbv buffer overflow
[mjpeg @ 04f39240] vbv buffer overflow
[mjpeg @ 04f39240] vbv buffer overflow
[mjpeg @ 04f39240] vbv buffer overflow
[mjpeg @ 04f39240] vbv buffer overflow
[mjpeg @ 04f39240] vbv buffer overflow
[mjpeg @ 04f39240] vbv buffer overflow
[mjpeg @ 04f39240] vbv buffer overflow
[mjpeg @ 04f39240] vbv buffer overflow
[mjpeg @ 04f39240] vbv buffer overflow
[mjpeg @ 04f39240] vbv buffer overflow
[mjpeg @ 04f39240] vbv buffer overflow
[mjpeg @ 04f39240] vbv buffer overflow
[mjpeg @ 04f39240] vbv buffer overflow
[mjpeg @ 04f39240] vbv buffer overflow
[mjpeg @ 04f39240] vbv buffer overflow
[mjpeg @ 04f39240] vbv buffer overflow
[mjpeg @ 04f39240] vbv buffer overflow
[mjpeg @ 04f39240] vbv buffer overflow
[mjpeg @ 04f39240] vbv buffer overflow
[mjpeg @ 04f39240] vbv buffer overflow
[mjpeg @ 04f39240] vbv buffer overflow
[mjpeg @ 04f39240] vbv buffer overflow
[mjpeg @ 04f39240] vbv buffer overflow
[mjpeg @ 04f39240] vbv buffer overflow
[mjpeg @ 04f39240] vbv buffer overflow
[mjpeg @ 04f39240] vbv buffer overflow
[mjpeg @ 04f39240] vbv buffer overflow
[mjpeg @ 04f39240] vbv buffer overflow
[mjpeg @ 04f39240] vbv buffer overflow
[mjpeg @ 04f39240] vbv buffer overflow
[mjpeg @ 04f39240] vbv buffer overflow
[mjpeg @ 04f39240] vbv buffer overflow
[mjpeg @ 04f39240] vbv buffer overflow
[mjpeg @ 04f39240] vbv buffer overflow
[mjpeg @ 04f39240] vbv buffer overflow
[mjpeg @ 04f39240] vbv buffer overflow
[mjpeg @ 04f39240] vbv buffer overflow
[mjpeg @ 04f39240] vbv buffer overflow
[mjpeg @ 04f39240] vbv buffer overflow
[mjpeg @ 04f39240] vbv buffer overflow
[mjpeg @ 04f39240] vbv buffer overflow
[mjpeg @ 04f39240] vbv buffer overflow
[mjpeg @ 04f39240] vbv buffer overflow
[mjpeg @ 04f39240] vbv buffer overflow
[mjpeg @ 04f39240] vbv buffer overflow
[mjpeg @ 04f39240] vbv buffer overflow
[mjpeg @ 04f39240] vbv buffer overflow
[mjpeg @ 04f39240] vbv buffer overflow
[mjpeg @ 04f39240] vbv buffer overflow
[mjpeg @ 04f39240] vbv buffer overflow
[mjpeg @ 04f39240] vbv buffer overflow
[mjpeg @ 04f39240] vbv buffer overflow
[mjpeg @ 04f39240] vbv buffer overflow
[mjpeg @ 04f39240] vbv buffer overflow
[mjpeg @ 04f39240] vbv buffer overflow
[mjpeg @ 04f39240] vbv buffer overflow
[mjpeg @ 04f39240] vbv buffer overflow
[mjpeg @ 04f39240] vbv buffer overflow
[mjpeg @ 04f39240] vbv buffer overflow
[mjpeg @ 04f39240] vbv buffer overflow
[mjpeg @ 04f39240] vbv buffer overflow
[mjpeg @ 04f39240] vbv buffer overflow
[mjpeg @ 04f39240] vbv buffer overflow
[mjpeg @ 04f39240] vbv buffer overflow
[mjpeg @ 04f39240] vbv buffer overflow
[mjpeg @ 04f39240] vbv buffer overflow
[mjpeg @ 04f39240] vbv buffer overflow
[mjpeg @ 04f39240] vbv buffer overflow
[mjpeg @ 04f39240] vbv buffer overflow
[mjpeg @ 04f39240] vbv buffer overflow
[mjpeg @ 04f39240] vbv buffer overflow
[mjpeg @ 04f39240] vbv buffer overflow
[mjpeg @ 04f39240] vbv buffer overflow
[mjpeg @ 04f39240] vbv buffer overflow
[mjpeg @ 04f39240] vbv buffer overflow
[mjpeg @ 04f39240] vbv buffer overflow
[mjpeg @ 04f39240] vbv buffer overflow
[mjpeg @ 04f39240] vbv buffer overflow
[mjpeg @ 04f39240] vbv buffer overflow
[mjpeg @ 04f39240] vbv buffer overflow
[mjpeg @ 04f39240] vbv buffer overflow
[mjpeg @ 04f39240] vbv buffer overflow
[mjpeg @ 04f39240] vbv buffer overflow
[mjpeg @ 04f39240] vbv buffer overflow
[mjpeg @ 04f39240] vbv buffer overflow
[mjpeg @ 04f39240] vbv buffer overflow
[mjpeg @ 04f39240] vbv buffer overflow
[mjpeg @ 04f39240] vbv buffer overflow
[mjpeg @ 04f39240] vbv buffer overflow
[mjpeg @ 04f39240] vbv buffer overflow
[mjpeg @ 04f39240] vbv buffer overflow
[mjpeg @ 04f39240] vbv buffer overflow
[mjpeg @ 04f39240] vbv buffer overflow
[mjpeg @ 04f39240] vbv buffer overflow
[mjpeg @ 04f39240] vbv buffer overflow
[mjpeg @ 04f39240] vbv buffer overflow
[mjpeg @ 04f39240] vbv buffer overflow
[mjpeg @ 04f39240] vbv buffer overflow
[mjpeg @ 04f39240] vbv buffer overflow
[mjpeg @ 04f39240] vbv buffer overflow
[mjpeg @ 04f39240] vbv buffer overflow
[mjpeg @ 04f39240] vbv buffer overflow
[mjpeg @ 04f39240] vbv buffer overflow
[mjpeg @ 04f39240] vbv buffer overflow
[mjpeg @ 04f39240] vbv buffer overflow
[mjpeg @ 04f39240] vbv buffer overflow
[mjpeg @ 04f39240] vbv buffer overflow
[mjpeg @ 04f39240] vbv buffer overflow
[mjpeg @ 04f39240] vbv buffer overflow
[mjpeg @ 04f39240] vbv buffer overflow
[mjpeg @ 04f39240] vbv buffer overflow
[mjpeg @ 04f39240] vbv buffer overflow
[mjpeg @ 04f39240] vbv buffer overflow
[mjpeg @ 04f39240] vbv buffer overflow
[mjpeg @ 04f39240] vbv buffer overflow
[mjpeg @ 04f39240] vbv buffer overflow
[mjpeg @ 04f39240] vbv buffer overflow
[mjpeg @ 04f39240] vbv buffer overflow
[mjpeg @ 04f39240] vbv buffer overflow
[mjpeg @ 04f39240] vbv buffer overflow
[mjpeg @ 04f39240] vbv buffer overflow
[mjpeg @ 04f39240] vbv buffer overflow
[mjpeg @ 04f39240] vbv buffer overflow
[mjpeg @ 04f39240] vbv buffer overflow
[mjpeg @ 04f39240] vbv buffer overflow
[mjpeg @ 04f39240] vbv buffer overflow
[mjpeg @ 04f39240] vbv buffer overflow
[mjpeg @ 04f39240] vbv buffer overflow
[mjpeg @ 04f39240] vbv buffer overflow
[mjpeg @ 04f39240] vbv buffer overflow
[mjpeg @ 04f39240] vbv buffer overflow
[mjpeg @ 04f39240] vbv buffer overflow
[mjpeg @ 04f39240] vbv buffer overflow
[mjpeg @ 04f39240] vbv buffer overflow
[mjpeg @ 04f39240] vbv buffer overflow
[mjpeg @ 04f39240] vbv buffer overflow
[mjpeg @ 04f39240] vbv buffer overflow
[mjpeg @ 04f39240] vbv buffer overflow
[mjpeg @ 04f39240] vbv buffer overflow
[mjpeg @ 04f39240] vbv buffer overflow
[mjpeg @ 04f39240] vbv buffer overflow
[mjpeg @ 04f39240] vbv buffer overflow
[mjpeg @ 04f39240] vbv buffer overflow
[mjpeg @ 04f39240] vbv buffer overflow
[mjpeg @ 04f39240] vbv buffer overflow
[mjpeg @ 04f39240] vbv buffer overflow
[mjpeg @ 04f39240] vbv buffer overflow
[mjpeg @ 04f39240] vbv buffer overflow
[mjpeg @ 04f39240] vbv buffer overflow
[mjpeg @ 04f39240] vbv buffer overflow
[mjpeg @ 04f39240] vbv buffer overflow
[mjpeg @ 04f39240] vbv buffer overflow
[mjpeg @ 04f39240] vbv buffer overflow
[mjpeg @ 04f39240] vbv buffer overflow
[mjpeg @ 04f39240] vbv buffer overflow
[mjpeg @ 04f39240] vbv buffer overflow
[mjpeg @ 04f39240] vbv buffer overflow
[mjpeg @ 04f39240] vbv buffer overflow
[mjpeg @ 04f39240] vbv buffer overflow
[mjpeg @ 04f39240] vbv buffer overflow
[mjpeg @ 04f39240] vbv buffer overflow
[mjpeg @ 04f39240] vbv buffer overflow
[mjpeg @ 04f39240] vbv buffer overflow
[mjpeg @ 04f39240] vbv buffer overflow
[mjpeg @ 04f39240] vbv buffer overflow
[mjpeg @ 04f39240] vbv buffer overflow
[mjpeg @ 04f39240] vbv buffer overflow
[mjpeg @ 04f39240] vbv buffer overflow
[mjpeg @ 04f39240] vbv buffer overflow
[mjpeg @ 04f39240] vbv buffer overflow
[mjpeg @ 04f39240] vbv buffer overflow
[mjpeg @ 04f39240] vbv buffer overflow
[mjpeg @ 04f39240] vbv buffer overflow
[mjpeg @ 04f39240] vbv buffer overflow
[mjpeg @ 04f39240] vbv buffer overflow
[mjpeg @ 04f39240] vbv buffer overflow
[mjpeg @ 04f39240] vbv buffer overflow
[mjpeg @ 04f39240] vbv buffer overflow
[mjpeg @ 04f39240] vbv buffer overflow
[mjpeg @ 04f39240] vbv buffer overflow
[mjpeg @ 04f39240] vbv buffer overflow
[mjpeg @ 04f39240] vbv buffer overflow
[mjpeg @ 04f39240] vbv buffer overflow
[mjpeg @ 04f39240] vbv buffer overflow
[mjpeg @ 04f39240] vbv buffer overflow
[mjpeg @ 04f39240] vbv buffer overflow
[mjpeg @ 04f39240] vbv buffer overflow
[mjpeg @ 04f39240] vbv buffer overflow
[mjpeg @ 04f39240] vbv buffer overflow
[mjpeg @ 04f39240] vbv buffer overflow
[mjpeg @ 04f39240] vbv buffer overflow
[mjpeg @ 04f39240] vbv buffer overflow
[mjpeg @ 04f39240] vbv buffer overflow
[mjpeg @ 04f39240] vbv buffer overflow
[mjpeg @ 04f39240] vbv buffer overflow
[mjpeg @ 04f39240] vbv buffer overflow
[mjpeg @ 04f39240] vbv buffer overflow
[mjpeg @ 04f39240] vbv buffer overflow
[mjpeg @ 04f39240] vbv buffer overflow
[mjpeg @ 04f39240] vbv buffer overflow
[mjpeg @ 04f39240] vbv buffer overflow
[mjpeg @ 04f39240] vbv buffer overflow
[mjpeg @ 04f39240] vbv buffer overflow
[mjpeg @ 04f39240] vbv buffer overflow
[mjpeg @ 04f39240] vbv buffer overflow
[mjpeg @ 04f39240] vbv buffer overflow
[mjpeg @ 04f39240] vbv buffer overflow
[mjpeg @ 04f39240] vbv buffer overflow
[mjpeg @ 04f39240] vbv buffer overflow
[mjpeg @ 04f39240] vbv buffer overflow
[mjpeg @ 04f39240] vbv buffer overflow
[mjpeg @ 04f39240] vbv buffer overflow
[mjpeg @ 04f39240] vbv buffer overflow
[mjpeg @ 04f39240] vbv buffer overflow
[mjpeg @ 04f39240] vbv buffer overflow
[mjpeg @ 04f39240] vbv buffer overflow
[mjpeg @ 04f39240] vbv buffer overflow
[mjpeg @ 04f39240] vbv buffer overflow
[mjpeg @ 04f39240] vbv buffer overflow
[mjpeg @ 04f39240] vbv buffer overflow
[mjpeg @ 04f39240] vbv buffer overflow
[mjpeg @ 04f39240] vbv buffer overflow
[mjpeg @ 04f39240] vbv buffer overflow
[mjpeg @ 04f39240] vbv buffer overflow
[mjpeg @ 04f39240] vbv buffer overflow
[mjpeg @ 04f39240] vbv buffer overflow
[mjpeg @ 04f39240] vbv buffer overflow
[mjpeg @ 04f39240] vbv buffer overflow
[mjpeg @ 04f39240] vbv buffer overflow
[mjpeg @ 04f39240] vbv buffer overflow
[mjpeg @ 04f39240] vbv buffer overflow
[mjpeg @ 04f39240] vbv buffer overflow
[mjpeg @ 04f39240] vbv buffer overflow
[mjpeg @ 04f39240] vbv buffer overflow
[mjpeg @ 04f39240] vbv buffer overflow
[mjpeg @ 04f39240] vbv buffer overflow
[mjpeg @ 04f39240] vbv buffer overflow
[mjpeg @ 04f39240] vbv buffer overflow
[mjpeg @ 04f39240] vbv buffer overflow
[mjpeg @ 04f39240] vbv buffer overflow
[mjpeg @ 04f39240] vbv buffer overflow
[mjpeg @ 04f39240] vbv buffer overflow
[mjpeg @ 04f39240] vbv buffer overflow
[mjpeg @ 04f39240] vbv buffer overflow
[mjpeg @ 04f39240] vbv buffer overflow
[mjpeg @ 04f39240] vbv buffer overflow
[mjpeg @ 04f39240] vbv buffer overflow
[mjpeg @ 04f39240] vbv buffer overflow
[mjpeg @ 04f39240] vbv buffer overflow
[mjpeg @ 04f39240] vbv buffer overflow
[mjpeg @ 04f39240] vbv buffer overflow
[mjpeg @ 04f39240] vbv buffer overflow
[mjpeg @ 04f39240] vbv buffer overflow
[mjpeg @ 04f39240] vbv buffer overflow
[mjpeg @ 04f39240] vbv buffer overflow
[mjpeg @ 04f39240] vbv buffer overflow
[mjpeg @ 04f39240] vbv buffer overflow
[mjpeg @ 04f39240] vbv buffer overflow
[mjpeg @ 04f39240] vbv buffer overflow
[mjpeg @ 04f39240] vbv buffer overflow
[mjpeg @ 04f39240] vbv buffer overflow
[mjpeg @ 04f39240] vbv buffer overflow
[mjpeg @ 04f39240] vbv buffer overflow
[mjpeg @ 04f39240] vbv buffer overflow
[mjpeg @ 04f39240] vbv buffer overflow
[mjpeg @ 04f39240] vbv buffer overflow
[mjpeg @ 04f39240] vbv buffer overflow
[mjpeg @ 04f39240] vbv buffer overflow
[mjpeg @ 04f39240] vbv buffer overflow
[mjpeg @ 04f39240] vbv buffer overflow
[mjpeg @ 04f39240] vbv buffer overflow
[mjpeg @ 04f39240] vbv buffer overflow
[mjpeg @ 04f39240] vbv buffer overflow
[mjpeg @ 04f39240] vbv buffer overflow
[mjpeg @ 04f39240] vbv buffer overflow
[mjpeg @ 04f39240] vbv buffer overflow
[mjpeg @ 04f39240] vbv buffer overflow
[mjpeg @ 04f39240] vbv buffer overflow
[mjpeg @ 04f39240] vbv buffer overflow
[mjpeg @ 04f39240] vbv buffer overflow
[mjpeg @ 04f39240] vbv buffer overflow
[mjpeg @ 04f39240] vbv buffer overflow
[mjpeg @ 04f39240] vbv buffer overflow
[mjpeg @ 04f39240] vbv buffer overflow
[mjpeg @ 04f39240] vbv buffer overflow
[mjpeg @ 04f39240] vbv buffer overflow
[mjpeg @ 04f39240] vbv buffer overflow
[mjpeg @ 04f39240] vbv buffer overflow
[mjpeg @ 04f39240] vbv buffer overflow
[mjpeg @ 04f39240] vbv buffer overflow
[mjpeg @ 04f39240] vbv buffer overflow
[mjpeg @ 04f39240] vbv buffer overflow
[mjpeg @ 04f39240] vbv buffer overflow
[mjpeg @ 04f39240] vbv buffer overflow
[mjpeg @ 04f39240] vbv buffer overflow
[mjpeg @ 04f39240] vbv buffer overflow
[mjpeg @ 04f39240] vbv buffer overflow
[mjpeg @ 04f39240] vbv buffer overflow
[mjpeg @ 04f39240] vbv buffer overflow
[mjpeg @ 04f39240] vbv buffer overflow
[mjpeg @ 04f39240] vbv buffer overflow
[mjpeg @ 04f39240] vbv buffer overflow
[mjpeg @ 04f39240] vbv buffer overflow
[mjpeg @ 04f39240] vbv buffer overflow
[mjpeg @ 04f39240] vbv buffer overflow
[mjpeg @ 04f39240] vbv buffer overflow
[mjpeg @ 04f39240] vbv buffer overflow
[mjpeg @ 04f39240] vbv buffer overflow
[mjpeg @ 04f39240] vbv buffer overflow
[mjpeg @ 04f39240] vbv buffer overflow
[mjpeg @ 04f39240] vbv buffer overflow
[mjpeg @ 04f39240] vbv buffer overflow
[mjpeg @ 04f39240] vbv buffer overflow
[mjpeg @ 04f39240] vbv buffer overflow
[mjpeg @ 04f39240] vbv buffer overflow
[mjpeg @ 04f39240] vbv buffer overflow
[mjpeg @ 04f39240] vbv buffer overflow
[mjpeg @ 04f39240] vbv buffer overflow
[mjpeg @ 04f39240] vbv buffer overflow
[mjpeg @ 04f39240] vbv buffer overflow
[mjpeg @ 04f39240] vbv buffer overflow
[mjpeg @ 04f39240] vbv buffer overflow
[mjpeg @ 04f39240] vbv buffer overflow
[mjpeg @ 04f39240] vbv buffer overflow
[mjpeg @ 04f39240] vbv buffer overflow
[mjpeg @ 04f39240] vbv buffer overflow
[mjpeg @ 04f39240] vbv buffer overflow
[mjpeg @ 04f39240] vbv buffer overflow
[mjpeg @ 04f39240] vbv buffer overflow
[mjpeg @ 04f39240] vbv buffer overflow
[mjpeg @ 04f39240] vbv buffer overflow
[mjpeg @ 04f39240] vbv buffer overflow
[mjpeg @ 04f39240] vbv buffer overflow
[mjpeg @ 04f39240] vbv buffer overflow
[mjpeg @ 04f39240] vbv buffer overflow
[mjpeg @ 04f39240] vbv buffer overflow
[mjpeg @ 04f39240] vbv buffer overflow
[mjpeg @ 04f39240] vbv buffer overflow
[mjpeg @ 04f39240] vbv buffer overflow
[mjpeg @ 04f39240] vbv buffer overflow
[mjpeg @ 04f39240] vbv buffer overflow
[mjpeg @ 04f39240] vbv buffer overflow
[mjpeg @ 04f39240] vbv buffer overflow
[mjpeg @ 04f39240] vbv buffer overflow
[mjpeg @ 04f39240] vbv buffer overflow
[mjpeg @ 04f39240] vbv buffer overflow
[mjpeg @ 04f39240] vbv buffer overflow
[mjpeg @ 04f39240] vbv buffer overflow
[mjpeg @ 04f39240] vbv buffer overflow
[mjpeg @ 04f39240] vbv buffer overflow
[mjpeg @ 04f39240] vbv buffer overflow
[mjpeg @ 04f39240] vbv buffer overflow
[mjpeg @ 04f39240] vbv buffer overflow
[mjpeg @ 04f39240] vbv buffer overflow
[mjpeg @ 04f39240] vbv buffer overflow
[mjpeg @ 04f39240] vbv buffer overflow
[mjpeg @ 04f39240] vbv buffer overflow
[mjpeg @ 04f39240] vbv buffer overflow
[mjpeg @ 04f39240] vbv buffer overflow
[mjpeg @ 04f39240] vbv buffer overflow
[mjpeg @ 04f39240] vbv buffer overflow
[mjpeg @ 04f39240] vbv buffer overflow
[mjpeg @ 04f39240] vbv buffer overflow
[mjpeg @ 04f39240] vbv buffer overflow
[mjpeg @ 04f39240] vbv buffer overflow
[mjpeg @ 04f39240] vbv buffer overflow
[mjpeg @ 04f39240] vbv buffer overflow
[mjpeg @ 04f39240] vbv buffer overflow
[mjpeg @ 04f39240] vbv buffer overflow
[mjpeg @ 04f39240] vbv buffer overflow
[mjpeg @ 04f39240] vbv buffer overflow
[mjpeg @ 04f39240] vbv buffer overflow
[mjpeg @ 04f39240] vbv buffer overflow
[mjpeg @ 04f39240] vbv buffer overflow
[mjpeg @ 04f39240] vbv buffer overflow
[mjpeg @ 04f39240] vbv buffer overflow
[mjpeg @ 04f39240] vbv buffer overflow
[mjpeg @ 04f39240] vbv buffer overflow
[mjpeg @ 04f39240] vbv buffer overflow
[mjpeg @ 04f39240] vbv buffer overflow
[mjpeg @ 04f39240] vbv buffer overflow
[mjpeg @ 04f39240] vbv buffer overflow
[mjpeg @ 04f39240] vbv buffer overflow
[mjpeg @ 04f39240] vbv buffer overflow
[mjpeg @ 04f39240] vbv buffer overflow
[mjpeg @ 04f39240] vbv buffer overflow
[mjpeg @ 04f39240] vbv buffer overflow
[mjpeg @ 04f39240] vbv buffer overflow
[mjpeg @ 04f39240] vbv buffer overflow
[mjpeg @ 04f39240] vbv buffer overflow
[mjpeg @ 04f39240] vbv buffer overflow
[mjpeg @ 04f39240] vbv buffer overflow
[mjpeg @ 04f39240] vbv buffer overflow
[mjpeg @ 04f39240] vbv buffer overflow
[mjpeg @ 04f39240] vbv buffer overflow
[mjpeg @ 04f39240] vbv buffer overflow
[mjpeg @ 04f39240] vbv buffer overflow
[mjpeg @ 04f39240] vbv buffer overflow
[mjpeg @ 04f39240] vbv buffer overflow
[mjpeg @ 04f39240] vbv buffer overflow
[mjpeg @ 04f39240] vbv buffer overflow
[mjpeg @ 04f39240] vbv buffer overflow
[mjpeg @ 04f39240] vbv buffer overflow
[mjpeg @ 04f39240] vbv buffer overflow
[mjpeg @ 04f39240] vbv buffer overflow
[mjpeg @ 04f39240] vbv buffer overflow
[mjpeg @ 04f39240] vbv buffer overflow
[mjpeg @ 04f39240] vbv buffer overflow
[mjpeg @ 04f39240] vbv buffer overflow
[mjpeg @ 04f39240] vbv buffer overflow
[mjpeg @ 04f39240] vbv buffer overflow
[mjpeg @ 04f39240] vbv buffer overflow
[mjpeg @ 04f39240] vbv buffer overflow
[mjpeg @ 04f39240] vbv buffer overflow
[mjpeg @ 04f39240] vbv buffer overflow
[mjpeg @ 04f39240] vbv buffer overflow
[mjpeg @ 04f39240] vbv buffer overflow
[mjpeg @ 04f39240] vbv buffer overflow
[mjpeg @ 04f39240] vbv buffer overflow
[mjpeg @ 04f39240] vbv buffer overflow
[mjpeg @ 04f39240] vbv buffer overflow
[mjpeg @ 04f39240] vbv buffer overflow
[mjpeg @ 04f39240] vbv buffer overflow
[mjpeg @ 04f39240] vbv buffer overflow
[mjpeg @ 04f39240] vbv buffer overflow
[mjpeg @ 04f39240] vbv buffer overflow
[mjpeg @ 04f39240] vbv buffer overflow
[mjpeg @ 04f39240] vbv buffer overflow
[mjpeg @ 04f39240] vbv buffer overflow
[mjpeg @ 04f39240] vbv buffer overflow
[mjpeg @ 04f39240] vbv buffer overflow
[mjpeg @ 04f39240] vbv buffer overflow
[mjpeg @ 04f39240] vbv buffer overflow
[mjpeg @ 04f39240] vbv buffer overflow
[mjpeg @ 04f39240] vbv buffer overflow
[mjpeg @ 04f39240] vbv buffer overflow
[mjpeg @ 04f39240] vbv buffer overflow
[mjpeg @ 04f39240] vbv buffer overflow
[mjpeg @ 04f39240] vbv buffer overflow
[mjpeg @ 04f39240] vbv buffer overflow
[mjpeg @ 04f39240] vbv buffer overflow
[mjpeg @ 04f39240] vbv buffer overflow
[mjpeg @ 04f39240] vbv buffer overflow
[mjpeg @ 04f39240] vbv buffer overflow
[mjpeg @ 04f39240] vbv buffer overflow
[mjpeg @ 04f39240] vbv buffer overflow
[mjpeg @ 04f39240] vbv buffer overflow
[mjpeg @ 04f39240] vbv buffer overflow
[mjpeg @ 04f39240] vbv buffer overflow
[mjpeg @ 04f39240] vbv buffer overflow
[mjpeg @ 04f39240] vbv buffer overflow
[mjpeg @ 04f39240] vbv buffer overflow
[mjpeg @ 04f39240] vbv buffer overflow
[mjpeg @ 04f39240] vbv buffer overflow
[mjpeg @ 04f39240] vbv buffer overflow
[mjpeg @ 04f39240] vbv buffer overflow
[mjpeg @ 04f39240] vbv buffer overflow
[mjpeg @ 04f39240] vbv buffer overflow
[mjpeg @ 04f39240] vbv buffer overflow
[mjpeg @ 04f39240] vbv buffer overflow
[mjpeg @ 04f39240] vbv buffer overflow
[mjpeg @ 04f39240] vbv buffer overflow
[mjpeg @ 04f39240] vbv buffer overflow
[mjpeg @ 04f39240] vbv buffer overflow
[mjpeg @ 04f39240] vbv buffer overflow
[mjpeg @ 04f39240] vbv buffer overflow
[mjpeg @ 04f39240] vbv buffer overflow
[mjpeg @ 04f39240] vbv buffer overflow
[mjpeg @ 04f39240] vbv buffer overflow
[mjpeg @ 04f39240] vbv buffer overflow
[mjpeg @ 04f39240] vbv buffer overflow
[mjpeg @ 04f39240] vbv buffer overflow
[mjpeg @ 04f39240] vbv buffer overflow
[mjpeg @ 04f39240] vbv buffer overflow
[mjpeg @ 04f39240] vbv buffer overflow
[mjpeg @ 04f39240] vbv buffer overflow
[mjpeg @ 04f39240] vbv buffer overflow
[mjpeg @ 04f39240] vbv buffer overflow
[mjpeg @ 04f39240] vbv buffer overflow
[mjpeg @ 04f39240] vbv buffer overflow
[mjpeg @ 04f39240] vbv buffer overflow
[mjpeg @ 04f39240] vbv buffer overflow
[mjpeg @ 04f39240] vbv buffer overflow
[mjpeg @ 04f39240] vbv buffer overflow
[mjpeg @ 04f39240] vbv buffer overflow
[mjpeg @ 04f39240] vbv buffer overflow
[mjpeg @ 04f39240] vbv buffer overflow
[mjpeg @ 04f39240] vbv buffer overflow
[mjpeg @ 04f39240] vbv buffer overflow
[mjpeg @ 04f39240] vbv buffer overflow
[mjpeg @ 04f39240] vbv buffer overflow
[mjpeg @ 04f39240] vbv buffer overflow
[mjpeg @ 04f39240] vbv buffer overflow
[mjpeg @ 04f39240] vbv buffer overflow
[mjpeg @ 04f39240] vbv buffer overflow
[mjpeg @ 04f39240] vbv buffer overflow
[mjpeg @ 04f39240] vbv buffer overflow
[mjpeg @ 04f39240] vbv buffer overflow
[mjpeg @ 04f39240] vbv buffer overflow
[mjpeg @ 04f39240] vbv buffer overflow
[mjpeg @ 04f39240] vbv buffer overflow
[mjpeg @ 04f39240] vbv buffer overflow
[mjpeg @ 04f39240] vbv buffer overflow
[mjpeg @ 04f39240] vbv buffer overflow
[mjpeg @ 04f39240] vbv buffer overflow
[mjpeg @ 04f39240] vbv buffer overflow
[mjpeg @ 04f39240] vbv buffer overflow
[mjpeg @ 04f39240] vbv buffer overflow
[mjpeg @ 04f39240] vbv buffer overflow
[mjpeg @ 04f39240] vbv buffer overflow
[mjpeg @ 04f39240] vbv buffer overflow
[mjpeg @ 04f39240] vbv buffer overflow
[mjpeg @ 04f39240] vbv buffer overflow
[mjpeg @ 04f39240] vbv buffer overflow
[mjpeg @ 04f39240] vbv buffer overflow
[mjpeg @ 04f39240] vbv buffer overflow
[mjpeg @ 04f39240] vbv buffer overflow
[mjpeg @ 04f39240] vbv buffer overflow
[mjpeg @ 04f39240] vbv buffer overflow
[mjpeg @ 04f39240] vbv buffer overflow
[mjpeg @ 04f39240] vbv buffer overflow
[mjpeg @ 04f39240] vbv buffer overflow
[mjpeg @ 04f39240] vbv buffer overflow
[mjpeg @ 04f39240] vbv buffer overflow
[mjpeg @ 04f39240] vbv buffer overflow
[mjpeg @ 04f39240] vbv buffer overflow
[mjpeg @ 04f39240] vbv buffer overflow
[mjpeg @ 04f39240] vbv buffer overflow
[mjpeg @ 04f39240] vbv buffer overflow
[mjpeg @ 04f39240] vbv buffer overflow
[mjpeg @ 04f39240] vbv buffer overflow
[mjpeg @ 04f39240] vbv buffer overflow
[mjpeg @ 04f39240] vbv buffer overflow
[mjpeg @ 04f39240] vbv buffer overflow
[mjpeg @ 04f39240] vbv buffer overflow
[mjpeg @ 04f39240] vbv buffer overflow
[mjpeg @ 04f39240] vbv buffer overflow
[mjpeg @ 04f39240] vbv buffer overflow
[mjpeg @ 04f39240] vbv buffer overflow
[mjpeg @ 04f39240] vbv buffer overflow
[mjpeg @ 04f39240] vbv buffer overflow
[mjpeg @ 04f39240] vbv buffer overflow
[mjpeg @ 04f39240] vbv buffer overflow
[mjpeg @ 04f39240] vbv buffer overflow
[mjpeg @ 04f39240] vbv buffer overflow
[mjpeg @ 04f39240] vbv buffer overflow
[mjpeg @ 04f39240] vbv buffer overflow
[mjpeg @ 04f39240] vbv buffer overflow
[mjpeg @ 04f39240] vbv buffer overflow
[mjpeg @ 04f39240] vbv buffer overflow
[mjpeg @ 04f39240] vbv buffer overflow
[mjpeg @ 04f39240] vbv buffer overflow
[mjpeg @ 04f39240] vbv buffer overflow
[mjpeg @ 04f39240] vbv buffer overflow
[mjpeg @ 04f39240] vbv buffer overflow
[mjpeg @ 04f39240] vbv buffer overflow
[mjpeg @ 04f39240] vbv buffer overflow
[mjpeg @ 04f39240] vbv buffer overflow
[mjpeg @ 04f39240] vbv buffer overflow
[mjpeg @ 04f39240] vbv buffer overflow
[mjpeg @ 04f39240] vbv buffer overflow
[mjpeg @ 04f39240] vbv buffer overflow
[mjpeg @ 04f39240] vbv buffer overflow
[mjpeg @ 04f39240] vbv buffer overflow
[mjpeg @ 04f39240] vbv buffer overflow
[mjpeg @ 04f39240] vbv buffer overflow
[mjpeg @ 04f39240] vbv buffer overflow
[mjpeg @ 04f39240] vbv buffer overflow
[mjpeg @ 04f39240] vbv buffer overflow
[mjpeg @ 04f39240] vbv buffer overflow
[mjpeg @ 04f39240] vbv buffer overflow
[mjpeg @ 04f39240] vbv buffer overflow
[mjpeg @ 04f39240] vbv buffer overflow
[mjpeg @ 04f39240] vbv buffer overflow
[mjpeg @ 04f39240] vbv buffer overflow
[mjpeg @ 04f39240] vbv buffer overflow
[mjpeg @ 04f39240] vbv buffer overflow
[mjpeg @ 04f39240] vbv buffer overflow
[mjpeg @ 04f39240] vbv buffer overflow
[mjpeg @ 04f39240] vbv buffer overflow
[mjpeg @ 04f39240] vbv buffer overflow
[mjpeg @ 04f39240] vbv buffer overflow
[mjpeg @ 04f39240] vbv buffer overflow
[mjpeg @ 04f39240] vbv buffer overflow
[mjpeg @ 04f39240] vbv buffer overflow
[mjpeg @ 04f39240] vbv buffer overflow
[mjpeg @ 04f39240] vbv buffer overflow
[mjpeg @ 04f39240] vbv buffer overflow
[mjpeg @ 04f39240] vbv buffer overflow
[mjpeg @ 04f39240] vbv buffer overflow
[mjpeg @ 04f39240] vbv buffer overflow
[mjpeg @ 04f39240] vbv buffer overflow
[mjpeg @ 04f39240] vbv buffer overflow
[mjpeg @ 04f39240] vbv buffer overflow
[mjpeg @ 04f39240] vbv buffer overflow
[mjpeg @ 04f39240] vbv buffer overflow
[mjpeg @ 04f39240] vbv buffer overflow
[mjpeg @ 04f39240] vbv buffer overflow
[mjpeg @ 04f39240] vbv buffer overflow
[mjpeg @ 04f39240] vbv buffer overflow
[mjpeg @ 04f39240] vbv buffer overflow
[mjpeg @ 04f39240] vbv buffer overflow
[mjpeg @ 04f39240] vbv buffer overflow
[mjpeg @ 04f39240] vbv buffer overflow
[mjpeg @ 04f39240] vbv buffer overflow
[mjpeg @ 04f39240] vbv buffer overflow
[mjpeg @ 04f39240] vbv buffer overflow
[mjpeg @ 04f39240] vbv buffer overflow
[mjpeg @ 04f39240] vbv buffer overflow
[mjpeg @ 04f39240] vbv buffer overflow
[mjpeg @ 04f39240] vbv buffer overflow
[mjpeg @ 04f39240] vbv buffer overflow
[mjpeg @ 04f39240] vbv buffer overflow
[mjpeg @ 04f39240] vbv buffer overflow
[mjpeg @ 04f39240] vbv buffer overflow
[mjpeg @ 04f39240] vbv buffer overflow
[mjpeg @ 04f39240] vbv buffer overflow
[mjpeg @ 04f39240] vbv buffer overflow
[mjpeg @ 04f39240] vbv buffer overflow
[mjpeg @ 04f39240] vbv buffer overflow
[mjpeg @ 04f39240] vbv buffer overflow
[mjpeg @ 04f39240] vbv buffer overflow
[mjpeg @ 04f39240] vbv buffer overflow
[mjpeg @ 04f39240] vbv buffer overflow
[mjpeg @ 04f39240] vbv buffer overflow
[mjpeg @ 04f39240] vbv buffer overflow
[mjpeg @ 04f39240] vbv buffer overflow
[mjpeg @ 04f39240] vbv buffer overflow
[mjpeg @ 04f39240] vbv buffer overflow
[mjpeg @ 04f39240] vbv buffer overflow
[mjpeg @ 04f39240] vbv buffer overflow
[mjpeg @ 04f39240] vbv buffer overflow
[mjpeg @ 04f39240] vbv buffer overflow
[mjpeg @ 04f39240] vbv buffer overflow
[mjpeg @ 04f39240] vbv buffer overflow
[mjpeg @ 04f39240] vbv buffer overflow
[mjpeg @ 04f39240] vbv buffer overflow
[mjpeg @ 04f39240] vbv buffer overflow
[mjpeg @ 04f39240] vbv buffer overflow
[mjpeg @ 04f39240] vbv buffer overflow
[mjpeg @ 04f39240] vbv buffer overflow
[mjpeg @ 04f39240] vbv buffer overflow
[mjpeg @ 04f39240] vbv buffer overflow
[mjpeg @ 04f39240] vbv buffer overflow
[mjpeg @ 04f39240] vbv buffer overflow
[mjpeg @ 04f39240] vbv buffer overflow
[mjpeg @ 04f39240] vbv buffer overflow
[mjpeg @ 04f39240] vbv buffer overflow
[mjpeg @ 04f39240] vbv buffer overflow
[mjpeg @ 04f39240] vbv buffer overflow
[mjpeg @ 04f39240] vbv buffer overflow
[mjpeg @ 04f39240] vbv buffer overflow
[mjpeg @ 04f39240] vbv buffer overflow
[mjpeg @ 04f39240] vbv buffer overflow
[mjpeg @ 04f39240] vbv buffer overflow
[mjpeg @ 04f39240] vbv buffer overflow
[mjpeg @ 04f39240] vbv buffer overflow
[mjpeg @ 04f39240] vbv buffer overflow
[mjpeg @ 04f39240] vbv buffer overflow
[mjpeg @ 04f39240] vbv buffer overflow
[mjpeg @ 04f39240] vbv buffer overflow
[mjpeg @ 04f39240] vbv buffer overflow
[mjpeg @ 04f39240] vbv buffer overflow
[mjpeg @ 04f39240] vbv buffer overflow
[mjpeg @ 04f39240] vbv buffer overflow
[mjpeg @ 04f39240] vbv buffer overflow
[mjpeg @ 04f39240] vbv buffer overflow
[mjpeg @ 04f39240] vbv buffer overflow
[mjpeg @ 04f39240] vbv buffer overflow
[mjpeg @ 04f39240] vbv buffer overflow
[mjpeg @ 04f39240] vbv buffer overflow
[mjpeg @ 04f39240] vbv buffer overflow
[mjpeg @ 04f39240] vbv buffer overflow
[mjpeg @ 04f39240] vbv buffer overflow
[mjpeg @ 04f39240] vbv buffer overflow
[mjpeg @ 04f39240] vbv buffer overflow
[mjpeg @ 04f39240] vbv buffer overflow
[mjpeg @ 04f39240] vbv buffer overflow
[mjpeg @ 04f39240] vbv buffer overflow
[mjpeg @ 04f39240] vbv buffer overflow
[mjpeg @ 04f39240] vbv buffer overflow
[mjpeg @ 04f39240] vbv buffer overflow
[mjpeg @ 04f39240] vbv buffer overflow
[mjpeg @ 04f39240] vbv buffer overflow
[mjpeg @ 04f39240] vbv buffer overflow
[mjpeg @ 04f39240] vbv buffer overflow
[mjpeg @ 04f39240] vbv buffer overflow
[mjpeg @ 04f39240] vbv buffer overflow
[mjpeg @ 04f39240] vbv buffer overflow
[mjpeg @ 04f39240] vbv buffer overflow
[mjpeg @ 04f39240] vbv buffer overflow
[mjpeg @ 04f39240] vbv buffer overflow
[mjpeg @ 04f39240] vbv buffer overflow
[mjpeg @ 04f39240] vbv buffer overflow
[mjpeg @ 04f39240] vbv buffer overflow
[mjpeg @ 04f39240] vbv buffer overflow
[mjpeg @ 04f39240] vbv buffer overflow
[mjpeg @ 04f39240] vbv buffer overflow
[mjpeg @ 04f39240] vbv buffer overflow
[mjpeg @ 04f39240] vbv buffer overflow
[mjpeg @ 04f39240] vbv buffer overflow
[mjpeg @ 04f39240] vbv buffer overflow
[mjpeg @ 04f39240] vbv buffer overflow
[mjpeg @ 04f39240] vbv buffer overflow
[mjpeg @ 04f39240] vbv buffer overflow
[mjpeg @ 04f39240] vbv buffer overflow
[mjpeg @ 04f39240] vbv buffer overflow
[mjpeg @ 04f39240] vbv buffer overflow
[mjpeg @ 04f39240] vbv buffer overflow
[mjpeg @ 04f39240] vbv buffer overflow
[mjpeg @ 04f39240] vbv buffer overflow
[mjpeg @ 04f39240] vbv buffer overflow
[mjpeg @ 04f39240] vbv buffer overflow
[mjpeg @ 04f39240] vbv buffer overflow
[mjpeg @ 04f39240] vbv buffer overflow
[mjpeg @ 04f39240] vbv buffer overflow
[mjpeg @ 04f39240] vbv buffer overflow
[mjpeg @ 04f39240] vbv buffer overflow
[mjpeg @ 04f39240] vbv buffer overflow
[mjpeg @ 04f39240] vbv buffer overflow
[mjpeg @ 04f39240] vbv buffer overflow
[mjpeg @ 04f39240] vbv buffer overflow
[mjpeg @ 04f39240] vbv buffer overflow
[mjpeg @ 04f39240] vbv buffer overflow
[mjpeg @ 04f39240] vbv buffer overflow
[mjpeg @ 04f39240] vbv buffer overflow
[mjpeg @ 04f39240] vbv buffer overflow
[mjpeg @ 04f39240] vbv buffer overflow
[mjpeg @ 04f39240] vbv buffer overflow
[mjpeg @ 04f39240] vbv buffer overflow
[mjpeg @ 04f39240] vbv buffer overflow
[mjpeg @ 04f39240] vbv buffer overflow
[mjpeg @ 04f39240] vbv buffer overflow
[mjpeg @ 04f39240] vbv buffer overflow
[mjpeg @ 04f39240] vbv buffer overflow
[mjpeg @ 04f39240] vbv buffer overflow
[mjpeg @ 04f39240] vbv buffer overflow
[mjpeg @ 04f39240] vbv buffer overflow
[mjpeg @ 04f39240] vbv buffer overflow
[mjpeg @ 04f39240] vbv buffer overflow
[mjpeg @ 04f39240] vbv buffer overflow
[mjpeg @ 04f39240] vbv buffer overflow
[mjpeg @ 04f39240] vbv buffer overflow
[mjpeg @ 04f39240] vbv buffer overflow
[mjpeg @ 04f39240] vbv buffer overflow
[mjpeg @ 04f39240] vbv buffer overflow
[mjpeg @ 04f39240] vbv buffer overflow
[mjpeg @ 04f39240] vbv buffer overflow
[mjpeg @ 04f39240] vbv buffer overflow
[mjpeg @ 04f39240] vbv buffer overflow
[mjpeg @ 04f39240] vbv buffer overflow
[mjpeg @ 04f39240] vbv buffer overflow
[mjpeg @ 04f39240] vbv buffer overflow
[mjpeg @ 04f39240] vbv buffer overflow
[mjpeg @ 04f39240] vbv buffer overflow
[mjpeg @ 04f39240] vbv buffer overflow
[mjpeg @ 04f39240] vbv buffer overflow
[mjpeg @ 04f39240] vbv buffer overflow
[mjpeg @ 04f39240] vbv buffer overflow
[mjpeg @ 04f39240] vbv buffer overflow
[mjpeg @ 04f39240] vbv buffer overflow
[mjpeg @ 04f39240] vbv buffer overflow
[mjpeg @ 04f39240] vbv buffer overflow
[mjpeg @ 04f39240] vbv buffer overflow
[mjpeg @ 04f39240] vbv buffer overflow
[mjpeg @ 04f39240] vbv buffer overflow
[mjpeg @ 04f39240] vbv buffer overflow
[mjpeg @ 04f39240] vbv buffer overflow
[mjpeg @ 04f39240] vbv buffer overflow
[mjpeg @ 04f39240] vbv buffer overflow
[mjpeg @ 04f39240] vbv buffer overflow
[mjpeg @ 04f39240] vbv buffer overflow
[mjpeg @ 04f39240] vbv buffer overflow
[mjpeg @ 04f39240] vbv buffer overflow
[mjpeg @ 04f39240] vbv buffer overflow
[mjpeg @ 04f39240] vbv buffer overflow
[mjpeg @ 04f39240] vbv buffer overflow
[mjpeg @ 04f39240] vbv buffer overflow
[mjpeg @ 04f39240] vbv buffer overflow
[mjpeg @ 04f39240] vbv buffer overflow
[mjpeg @ 04f39240] vbv buffer overflow
[mjpeg @ 04f39240] vbv buffer overflow
[mjpeg @ 04f39240] vbv buffer overflow
[mjpeg @ 04f39240] vbv buffer overflow
[mjpeg @ 04f39240] vbv buffer overflow
[mjpeg @ 04f39240] vbv buffer overflow
[mjpeg @ 04f39240] vbv buffer overflow
[mjpeg @ 04f39240] vbv buffer overflow
[mjpeg @ 04f39240] vbv buffer overflow
[mjpeg @ 04f39240] vbv buffer overflow
[mjpeg @ 04f39240] vbv buffer overflow
[mjpeg @ 04f39240] vbv buffer overflow
[mjpeg @ 04f39240] vbv buffer overflow
[mjpeg @ 04f39240] vbv buffer overflow
[mjpeg @ 04f39240] vbv buffer overflow
[mjpeg @ 04f39240] vbv buffer overflow
[mjpeg @ 04f39240] vbv buffer overflow
[mjpeg @ 04f39240] vbv buffer overflow
[mjpeg @ 04f39240] vbv buffer overflow
[mjpeg @ 04f39240] vbv buffer overflow
[mjpeg @ 04f39240] vbv buffer overflow
[mjpeg @ 04f39240] vbv buffer overflow
[mjpeg @ 04f39240] vbv buffer overflow
[mjpeg @ 04f39240] vbv buffer overflow
[mjpeg @ 04f39240] vbv buffer overflow
[mjpeg @ 04f39240] vbv buffer overflow
[mjpeg @ 04f39240] vbv buffer overflow
[mjpeg @ 04f39240] vbv buffer overflow
[mjpeg @ 04f39240] vbv buffer overflow
[mjpeg @ 04f39240] vbv buffer overflow
[mjpeg @ 04f39240] vbv buffer overflow
[mjpeg @ 04f39240] vbv buffer overflow
[mjpeg @ 04f39240] vbv buffer overflow
[mjpeg @ 04f39240] vbv buffer overflow
[mjpeg @ 04f39240] vbv buffer overflow
[mjpeg @ 04f39240] vbv buffer overflow
[mjpeg @ 04f39240] vbv buffer overflow
[mjpeg @ 04f39240] vbv buffer overflow
[mjpeg @ 04f39240] vbv buffer overflow
[mjpeg @ 04f39240] vbv buffer overflow
[mjpeg @ 04f39240] vbv buffer overflow
[mjpeg @ 04f39240] vbv buffer overflow
[mjpeg @ 04f39240] vbv buffer overflow
[mjpeg @ 04f39240] vbv buffer overflow
[mjpeg @ 04f39240] vbv buffer overflow
[mjpeg @ 04f39240] vbv buffer overflow
[mjpeg @ 04f39240] vbv buffer overflow
[mjpeg @ 04f39240] vbv buffer overflow
[mjpeg @ 04f39240] vbv buffer overflow
[mjpeg @ 04f39240] vbv buffer overflow
[mjpeg @ 04f39240] vbv buffer overflow
[mjpeg @ 04f39240] vbv buffer overflow
[mjpeg @ 04f39240] vbv buffer overflow
[mjpeg @ 04f39240] vbv buffer overflow
[mjpeg @ 04f39240] vbv buffer overflow
[mjpeg @ 04f39240] vbv buffer overflow
[mjpeg @ 04f39240] vbv buffer overflow
[mjpeg @ 04f39240] vbv buffer overflow
[mjpeg @ 04f39240] vbv buffer overflow
[mjpeg @ 04f39240] vbv buffer overflow
[mjpeg @ 04f39240] vbv buffer overflow
[mjpeg @ 04f39240] vbv buffer overflow
[mjpeg @ 04f39240] vbv buffer overflow
[mjpeg @ 04f39240] vbv buffer overflow
[mjpeg @ 04f39240] vbv buffer overflow
[mjpeg @ 04f39240] vbv buffer overflow
[mjpeg @ 04f39240] vbv buffer overflow
[mjpeg @ 04f39240] vbv buffer overflow
[mjpeg @ 04f39240] vbv buffer overflow
[mjpeg @ 04f39240] vbv buffer overflow
[mjpeg @ 04f39240] vbv buffer overflow
[mjpeg @ 04f39240] vbv buffer overflow
[mjpeg @ 04f39240] vbv buffer overflow
[mjpeg @ 04f39240] vbv buffer overflow
[mjpeg @ 04f39240] vbv buffer overflow
[mjpeg @ 04f39240] vbv buffer overflow
[mjpeg @ 04f39240] vbv buffer overflow
[mjpeg @ 04f39240] vbv buffer overflow
[mjpeg @ 04f39240] vbv buffer overflow
[mjpeg @ 04f39240] vbv buffer overflow
[mjpeg @ 04f39240] vbv buffer overflow
[mjpeg @ 04f39240] vbv buffer overflow
[mjpeg @ 04f39240] vbv buffer overflow
[mjpeg @ 04f39240]